DataYear,BuildingType,PrimaryPropertyType,Latitude,Longitude,NumberofBuildings,PropertyGFATotal,PropertyGFAParking,LargestPropertyUseType,SiteEnergyUse(kBtu),TotalGHGEmissions,BuildingAge,mean_GFA_per_floor,Number_of_Use_Types
2016,NonResidential,Hotel,47.6122,-122.33799,1.0,88434,0,Hotel,7226362.5,249.98,89,6802.615384615385,1
2016,NonResidential,Hotel,47.61317,-122.33393,1.0,103566,15064,Hotel,8387933.0,295.86,20,7375.166666666667,3
2016,NonResidential,Hotel,47.61412,-122.33664,1.0,61320,0,Hotel,6794584.0,286.43,90,5574.545454545455,1
2016,NonResidential,Hotel,47.61375,-122.34047,1.0,175580,62000,Hotel,14172606.0,505.01,36,5977.894736842105,3
2016,Nonresidential COS,Other,47.61623,-122.33657,1.0,97288,37198,Police Station,12086616.0,301.81,17,20030.0,1
2016,NonResidential,Hotel,47.6139,-122.33283,1.0,83008,0,Hotel,5758795.0,176.14,90,6917.333333333333,1
2016,NonResidential,Other,47.61327,-122.33136,1.0,102761,0,Other - Entertainment/Public Assembly,6298131.5,221.51,90,11417.888888888889,1
2016,NonResidential,Hotel,47.60294,-122.33263,1.0,163984,0,Hotel,13723820.0,392.16,112,10249.0,1
2016,NonResidential,Hotel,47.60699,-122.33346,1.0,65009,0,Hotel,6596057.5,328.23,88,6500.9,1
2016,NonResidential,Hotel,47.60755,-122.33244,1.0,92190,25200,Hotel,10750010.0,511.39,94,5582.5,2
2016,Nonresidential COS,Other,47.60649,-122.33297,1.0,412000,57000,Library,18588860.0,181.38,12,29583.333333333332,3
2016,NonResidential,Other,47.60546,-122.33279,1.0,103911,0,Fitness Center/Health Club/Gym,9956396.0,433.86,86,14844.42857142857,3
2016,NonResidential,Mixed Use Property,47.60515,-122.33159,1.0,57452,0,Social/Meeting Hall,7606084.5,273.02,109,9575.333333333334,5
2016,NonResidential,Hotel,47.60376,-122.33194,1.0,104352,0,Hotel,10154608.0,349.32,100,9486.545454545454,1
2016,NonResidential,Hotel,47.65959,-122.31755,1.0,88592,30586,Hotel,3663534.5,90.01,15,8286.57142857143,2
2016,NonResidential,University,47.61816,-122.33629,1.0,126593,0,College/University,11343686.0,388.04,88,15824.125,1
2016,NonResidential,Other,47.615,-122.33081,1.0,67224,0,Automobile Dealership,1310236.625,9.13,86,22408.0,1
2016,NonResidential,Hotel,47.61301,-122.32929,1.0,158676,30301,Hotel,5328051.5,256.57,25,14263.888888888889,4
2016,NonResidential,Hotel,47.61784,-122.32966,1.0,171866,38281,Hotel,11061916.0,328.63,15,12144.09090909091,1
2016,NonResidential,Hotel,47.61558,-122.34186,1.0,68410,16200,Hotel,4456714.5,128.44,38,8701.666666666666,1
2016,NonResidential,Small- and Mid-Sized Office,47.6641,-122.33118,1.0,87262,0,Office,4145920.5,157.77,110,21815.5,4
2016,NonResidential,Hotel,47.66583,-122.29965,1.0,81871,0,Hotel,6668568.5,215.0,22,16374.2,1
2016,NonResidential,Self-Storage Facility,47.66172,-122.29598,1.0,110356,0,Self-Storage Facility,318364.8125,3.93,61,36785.333333333336,1
2016,NonResidential,Warehouse,47.51138,-122.28875,3.0,714095,0,Non-Refrigerated Warehouse,44731160.0,311.84,55,238031.66666666666,3
2016,SPS-District K-12,K-12 School,47.65671,-122.39047,1.0,54986,0,K-12 School,1650279.25,31.47,26,18328.666666666668,1
2016,NonResidential,Small- and Mid-Sized Office,47.66587,-122.38476,1.0,94900,0,Office,6186461.5,130.56,55,31633.333333333332,2
2016,NonResidential,Small- and Mid-Sized Office,47.58034,-122.31132,1.0,52554,0,Office,2951331.25,83.86,116,17518.0,2
2016,NonResidential,K-12 School,47.68891,-122.33553,1.0,175015,0,K-12 School,6994740.5,247.85,62,43753.75,1
2016,NonResidential,Self-Storage Facility,47.61351,-122.35129,1.0,70586,0,Self-Storage Facility,2158629.0,45.43,105,17646.5,3
2016,NonResidential,Hotel,47.60946,-122.33337,1.0,332210,205970,Hotel,16163194.0,295.33,47,5049.6,1
2016,NonResidential,Large Office,47.6113,-122.33659,1.0,168115,0,Office,9536161.0,66.48,43,28019.166666666668,3
2016,NonResidential,Other,47.61076,-122.33765,1.0,57428,0,Other - Mall,1247362.0,33.26,96,19142.666666666668,4
2016,NonResidential,Small- and Mid-Sized Office,47.61048,-122.33794,1.0,59400,0,Office,5071974.0,35.36,106,6600.0,2
2016,NonResidential,Hotel,47.61233,-122.33432,1.0,98634,10043,Hotel,4841347.5,59.19,86,4218.619047619048,3
2016,NonResidential,Hotel,47.60997,-122.34138,1.0,71150,0,Hotel,5348309.0,134.38,31,8893.75,4
2016,NonResidential,Hotel,47.61155,-122.34114,1.0,122810,0,Hotel,5401277.5,227.18,108,15351.25,3
2016,NonResidential,Hotel,47.61986,-122.34413,1.0,113173,42546,Hotel,5284343.5,144.79,57,11771.166666666666,2
2016,NonResidential,Hotel,47.62001,-122.34274,1.0,150453,34735,Hotel,6715187.0,199.95,16,14464.75,1
2016,NonResidential,Hotel,47.62025,-122.34314,1.0,116300,28200,Hotel,5827595.5,162.39,19,12585.714285714286,1
2016,NonResidential,Hotel,47.62023,-122.35951,1.0,155602,36744,Hotel,6836900.0,152.76,18,16979.714285714286,1
2016,NonResidential,K-12 School,47.63442,-122.30793,1.0,56072,0,K-12 School,3234787.75,146.34,105,14018.0,1
2016,NonResidential,Hotel,47.62519,-122.34456,1.0,122942,44891,Hotel,5337334.0,171.64,17,15610.2,2
2016,NonResidential,Small- and Mid-Sized Office,47.60823,-122.30956,1.0,54984,0,Office,3375211.0,87.98,54,18328.0,1
2016,NonResidential,Hotel,47.61988,-122.33211,1.0,84103,20732,Hotel,3706100.25,67.06,8,9053.0,2
2016,NonResidential,Medical Office,47.61244,-122.3214,0.0,179014,0,Medical Office,16701055.0,430.84,51,44753.5,1
2016,NonResidential,Hotel,47.60898,-122.32693,1.0,76631,0,Hotel,7258758.5,262.75,108,9578.875,1
2016,NonResidential,Mixed Use Property,47.60845,-122.32637,1.0,99780,9341,Medical Office,15473117.0,481.97,33,12919.857142857143,6
2016,NonResidential,Retail Store,47.62237,-122.33805,1.0,58320,0,Retail Store,1049748.625,39.06,87,19440.0,1
2016,NonResidential,Large Office,47.62424,-122.33646,1.0,316306,0,Office,13795954.0,138.85,6,52717.666666666664,4
2016,Nonresidential COS,Other,47.62208,-122.35398,1.0,91213,0,Other,8141155.5,344.2,54,45606.5,1
2016,Nonresidential COS,Other,47.62395,-122.35077,1.0,52000,0,Other,2726369.0,101.83,54,17333.333333333332,1
2016,Nonresidential COS,Other,47.62395,-122.35077,1.0,60696,0,Other,875943.3125,6.11,88,30348.0,1
2016,Nonresidential COS,Other,47.62395,-122.35143,1.0,262048,0,Other,20723248.0,490.73,88,87349.33333333333,1
2016,NonResidential,Small- and Mid-Sized Office,47.62391,-122.34837,0.0,66240,2352,Office,4166306.25,29.04,30,21296.0,5
2016,NonResidential,Small- and Mid-Sized Office,47.62053,-122.35842,1.0,76213,25930,Office,3476212.5,48.76,46,10056.6,3
2016,NonResidential,Hotel,47.62291,-122.35708,1.0,96910,36934,Hotel,5155568.5,152.14,14,8568.0,2
2016,NonResidential,Hotel,47.65772,-122.31756,2.0,50017,0,Hotel,5448975.0,191.2,54,10003.4,2
2016,NonResidential,K-12 School,47.62548,-122.30828,1.0,67743,0,K-12 School,2646879.0,78.85,93,16935.75,1
2016,NonResidential,K-12 School,47.62644,-122.30429,1.0,194104,0,K-12 School,6219841.5,243.23,108,27729.14285714286,1
2016,NonResidential,Small- and Mid-Sized Office,47.58408,-122.30125,1.0,99433,35752,Office,4897760.0,34.14,13,15920.25,2
2016,NonResidential,Other,47.67524,-122.31534,1.0,56521,0,Other,6357632.0,44.32,75,11304.2,1
2016,NonResidential,Other,47.67559,-122.31769,1.0,206934,0,Other,4253577.5,133.58,87,68978.0,2
2016,NonResidential,Hotel,47.73141,-122.3458,1.0,51390,0,Hotel,3611538.0,127.29,15,10278.0,2
2016,SPS-District K-12,K-12 School,47.7257,-122.33684,1.0,245587,0,K-12 School,11765682.0,443.73,57,122793.5,1
2016,NonResidential,Hotel,47.72551,-122.3423,1.0,69138,0,Hotel,3242458.0,89.02,14,17284.5,1
2016,NonResidential,Hotel,47.6048,-122.3368,1.0,190980,0,Hotel,6505995.0,142.39,112,31830.0,2
2016,Nonresidential COS,Other,47.60804,-122.3367,1.0,284100,0,Other - Entertainment/Public Assembly,14641502.0,429.12,18,40585.71428571428,1
2016,Nonresidential COS,Other,47.60112,-122.32785,1.0,61156,0,Other,9363374.0,176.75,10,12231.2,2
2016,NonResidential,Other,47.59809,-122.32283,1.0,72820,13820,Museum,2010454.625,46.26,106,11800.0,1
2016,NonResidential,Hotel,47.62614,-122.3467,1.0,162222,14200,Hotel,7946961.0,228.4,20,29604.4,2
2016,NonResidential,University,47.61495,-122.32177,1.0,63330,0,College/University,3059758.0,74.33,101,15832.5,1
2016,NonResidential,Small- and Mid-Sized Office,47.67828,-122.26456,1.0,96300,0,Office,16319835.0,222.02,14,32100.0,2
2016,Nonresidential COS,Other,47.59545,-122.32146,1.0,67356,0,"Repair Services (Vehicle, Shoe, Locksmith, etc)",7475577.5,204.08,66,33678.0,4
2016,NonResidential,Small- and Mid-Sized Office,47.53827,-122.28406,1.0,54765,0,Office,4253369.5,61.21,58,27382.5,2
2016,NonResidential,Other,47.53722,-122.284,1.0,89821,0,Other - Lodging/Residential,1950092.5,100.46,7,14970.166666666666,3
2016,NonResidential,University,47.65147,-122.36122,1.0,52611,0,College/University,4116871.5,104.26,36,17537.0,1
2016,NonResidential,Residence Hall,47.65068,-122.36331,1.0,139600,37500,Residence Hall/Dormitory,4448582.5,129.39,15,20420.0,1
2016,SPS-District K-12,K-12 School,47.70763,-122.29453,1.0,236758,0,K-12 School,8355988.5,222.78,5,78919.33333333333,2
2016,NonResidential,Other,47.60462,-122.31549,3.0,250981,0,Other,13071700.0,422.39,45,35854.42857142857,2
2016,NonResidential,Small- and Mid-Sized Office,47.536,-122.31768,1.0,64015,0,Office,3242077.75,49.58,9,16003.75,3
2016,NonResidential,Other,47.7066,-122.321,1.0,54224,0,Other/Specialty Hospital,7265178.0,231.53,52,13556.0,1
2016,NonResidential,Retail Store,47.70619,-122.32586,1.0,124342,0,Retail Store,8765978.0,66.3,51,24868.4,1
2016,NonResidential,Other,47.70956,-122.3345,1.0,55442,0,Financial Office,3191228.25,83.7,20,13860.5,3
2016,NonResidential,Self-Storage Facility,47.61233,-122.3171,1.0,84870,0,Self-Storage Facility,1381590.125,51.11,106,14145.0,1
2016,Campus,University,47.69936,-122.33401,11.0,694072,111625,College/University,35891484.0,362.82,46,194149.0,1
2016,NonResidential,Warehouse,47.55152,-122.31869,1.0,114297,0,Non-Refrigerated Warehouse,2100097.75,69.44,112,22859.4,1
2016,NonResidential,Warehouse,47.55901,-122.33328,1.0,234144,0,Non-Refrigerated Warehouse,6744317.0,297.43,79,117072.0,1
2016,NonResidential,Retail Store,47.52254,-122.36627,1.0,64984,0,Retail Store,2944296.25,35.78,50,32492.0,1
2016,NonResidential,Retail Store,47.52254,-122.36627,1.0,67745,0,Retail Store,9230223.0,369.14,51,33872.5,1
2016,SPS-District K-12,K-12 School,47.52915,-122.36511,1.0,367884,0,K-12 School,12265516.0,272.85,6,122628.0,1
2016,NonResidential,Other,47.67767,-122.39631,1.0,56000,0,Other,1851260.5,59.34,43,14000.0,1
2016,NonResidential,Self-Storage Facility,47.54508,-122.37737,1.0,52088,0,Self-Storage Facility,1377519.5,48.99,47,17362.666666666668,1
2016,NonResidential,Hotel,47.62972,-122.32906,1.0,123920,30000,Hotel,9373179.0,309.6,18,15653.333333333334,3
2016,Nonresidential COS,Other,47.62759,-122.33661,1.0,50000,0,Museum,7548807.0,225.69,116,25000.0,1
2016,Nonresidential COS,Warehouse,47.62591,-122.34084,1.0,50292,0,Non-Refrigerated Warehouse,430473.6875,3.0,90,16764.0,4
2016,NonResidential,Hotel,47.62782,-122.34045,1.0,207656,54341,Hotel,11171988.0,338.16,18,19164.375,1
2016,Nonresidential COS,Small- and Mid-Sized Office,47.70044,-122.34136,1.0,91130,0,Office,9472358.0,175.77,59,30376.666666666668,5
2016,NonResidential,Hotel,47.70916,-122.33216,1.0,64893,0,Hotel,6197825.0,208.26,48,12978.6,1
2016,NonResidential,Small- and Mid-Sized Office,47.60105,-122.33518,1.0,44558,0,Office,1677002.25,28.27,116,11139.5,3
2016,Nonresidential COS,Distribution Center,47.57199,-122.32811,1.0,179161,0,Distribution Center,9436408.0,96.43,92,59720.333333333336,4
2016,Nonresidential COS,Warehouse,47.57199,-122.32811,1.0,58640,0,Non-Refrigerated Warehouse,3928695.25,27.39,51,19546.666666666668,4
2016,NonResidential,Hotel,47.59269,-122.33372,1.0,168449,14567,Hotel,12726789.0,388.37,11,15388.2,3
2016,NonResidential,Warehouse,47.57507,-122.35747,0.0,79600,0,Non-Refrigerated Warehouse,2411402.25,16.81,100,15920.0,1
2016,NonResidential,Other,47.70281,-122.32532,1.0,419848,335109,Parking,9134963.0,162.41,8,12105.57142857143,5
2016,NonResidential,Mixed Use Property,47.6239,-122.35756,1.0,110785,0,Multifamily Housing,10557910.0,92.91,14,22157.0,5
2016,NonResidential,Warehouse,47.65097,-122.34227,1.0,75397,8161,Non-Refrigerated Warehouse,549181.375,9.63,25,16809.0,2
2016,NonResidential,Senior Care Community,47.59626,-122.3218,1.0,102796,12611,Senior Care Community,10105379.0,193.94,17,15030.833333333334,6
2016,NonResidential,K-12 School,47.66568,-122.31368,1.0,55653,0,K-12 School,1377627.0,72.88,88,18551.0,1
2016,NonResidential,Hotel,47.66151,-122.31457,1.0,106860,0,Hotel,11935719.0,469.57,85,6285.882352941177,1
2016,NonResidential,Small- and Mid-Sized Office,47.71895,-122.29475,1.0,50759,0,Office,3147042.0,49.09,44,8459.833333333334,2
2016,NonResidential,Worship Facility,47.66182,-122.31113,1.0,56772,0,Worship Facility,2439484.75,84.57,64,18924.0,1
2016,NonResidential,Worship Facility,47.6626,-122.31164,1.0,103000,0,Worship Facility,4854429.5,149.93,64,25750.0,1
2016,NonResidential,Other,47.61103,-122.33238,1.0,128766,0,Other - Entertainment/Public Assembly,6057410.0,57.21,102,16095.75,3
2016,NonResidential,Residence Hall,47.6079,-122.33266,1.0,107572,0,Residence Hall/Dormitory,5572503.0,254.87,103,10757.2,3
2016,NonResidential,Other,47.60699,-122.33481,1.0,230880,0,Other,62197176.0,433.6,61,14430.0,1
2016,NonResidential,Other,47.63965,-122.3783,1.0,76086,0,Other,3267564.0,101.41,43,38043.0,1
2016,Nonresidential COS,Other,47.60729,-122.34211,1.0,69400,0,Other - Entertainment/Public Assembly,14833476.0,301.76,36,23133.333333333332,1
2016,NonResidential,Mixed Use Property,47.6041,-122.33958,1.0,62900,0,Restaurant,10394330.0,377.27,116,31450.0,3
2016,NonResidential,Small- and Mid-Sized Office,47.60271,-122.33557,1.0,56500,0,Office,1380293.625,44.22,102,11300.0,2
2016,NonResidential,Warehouse,47.59486,-122.32455,1.0,203504,0,Non-Refrigerated Warehouse,3785282.5,26.39,8,40700.8,2
2016,NonResidential,Large Office,47.61757,-122.35122,0.0,100734,26731,Office,9788717.0,68.24,48,18500.75,1
2016,NonResidential,Small- and Mid-Sized Office,47.61703,-122.35012,1.0,77662,18504,Office,5007401.0,68.19,35,11831.6,2
2016,NonResidential,Large Office,47.61619,-122.34599,1.0,234000,21790,Office,18661606.0,149.27,38,16323.846153846154,4
2016,NonResidential,Large Office,47.61217,-122.33694,1.0,369996,0,Office,24755086.0,172.58,27,14230.615384615385,2
2016,NonResidential,Retail Store,47.61229,-122.33629,1.0,693450,0,Retail Store,40062888.0,398.19,91,63040.90909090909,2
2016,NonResidential,Large Office,47.61316,-122.3343,1.0,791396,0,Office,40847752.0,313.3,40,23276.352941176472,5
2016,NonResidential,Large Office,47.61399,-122.33523,1.0,747747,205076,Office,30985420.0,359.11,16,22611.291666666668,3
2016,NonResidential,Small- and Mid-Sized Office,47.61356,-122.33665,1.0,63409,7757,Office,3444270.0,170.51,90,5059.272727272727,2
2016,NonResidential,Large Office,47.61375,-122.33566,1.0,204790,30000,Office,7739699.0,100.26,86,9710.555555555555,4
2016,NonResidential,Small- and Mid-Sized Office,47.61256,-122.33808,1.0,73399,0,Office,3757006.0,26.19,100,12233.166666666666,2
2016,NonResidential,Large Office,47.61578,-122.33726,1.0,758043,228668,Office,27018020.0,229.25,7,20360.576923076922,2
2016,NonResidential,Large Office,47.61641,-122.34112,1.0,206000,0,Office,8580279.0,222.19,48,15846.153846153846,2
2016,NonResidential,Large Office,47.61555,-122.33582,1.0,824887,154972,Office,39523852.0,275.54,7,18105.81081081081,2
2016,NonResidential,Large Office,47.61516,-122.33303,1.0,480840,141600,Office,17867002.0,130.73,26,19955.29411764706,5
2016,NonResidential,Small- and Mid-Sized Office,47.60266,-122.33332,1.0,89550,0,Office,3903259.75,51.67,116,11193.75,3
2016,NonResidential,Small- and Mid-Sized Office,47.60219,-122.33347,1.0,89355,0,Office,4178233.5,31.97,116,12765.0,2
2016,NonResidential,Large Office,47.6036,-122.33288,1.0,388934,0,Office,18576900.0,213.23,94,24308.375,1
2016,NonResidential,Large Office,47.60403,-122.33497,1.0,384302,0,Office,10062436.0,70.15,87,16708.782608695652,3
2016,NonResidential,Large Office,47.60505,-122.33427,1.0,1323055,0,Office,44683660.0,318.97,33,27563.645833333332,3
2016,NonResidential,Large Office,47.60567,-122.33511,1.0,589921,129432,Office,24603420.0,171.52,30,10964.02380952381,3
2016,NonResidential,Small- and Mid-Sized Office,47.60542,-122.33588,1.0,91091,1392,Office,1835804.875,46.56,66,12814.142857142857,2
2016,NonResidential,Large Office,47.60581,-122.33664,1.0,157941,62993,Office,3743228.5,26.1,48,10549.777777777777,2
2016,NonResidential,Large Office,47.60614,-122.33674,1.0,635303,197231,Office,18221224.0,139.72,25,14602.4,2
2016,NonResidential,Large Office,47.60655,-122.33533,1.0,776762,162604,Office,32552428.0,231.32,36,17547.371428571427,2
2016,NonResidential,Large Office,47.60671,-122.33456,1.0,186768,23775,Office,9641043.0,218.53,44,10866.2,3
2016,NonResidential,Large Office,47.60549,-122.33319,1.0,1052469,164420,Office,41213584.0,287.32,14,23369.71052631579,11
2016,NonResidential,Large Office,47.60471,-122.33261,1.0,201480,0,Office,8921778.0,175.95,109,22386.666666666668,3
2016,Nonresidential COS,Large Office,47.60501,-122.32988,1.0,1354987,159600,Office,61576184.0,429.27,26,18677.921875,2
2016,Nonresidential COS,Large Office,47.60421,-122.32919,1.0,310490,0,Office,21169502.0,380.37,15,20699.333333333332,3
2016,Nonresidential COS,Large Office,47.60377,-122.32971,1.0,199530,30660,Office,13214416.0,298.61,13,18763.333333333332,4
2016,NonResidential,Large Office,47.60249,-122.32854,1.0,372242,52703,Office,13843866.0,216.24,10,22824.214285714286,2
2016,NonResidential,Large Office,47.60193,-122.32812,1.0,114395,8296,Office,2746560.75,70.17,107,13262.375,1
2016,NonResidential,Retail Store,47.66024,-122.31278,1.0,89200,0,Retail Store,6461937.0,89.47,38,29733.333333333332,1
2016,NonResidential,Large Office,47.66072,-122.31466,1.0,474546,0,Office,28450436.0,198.34,45,19772.75,1
2016,NonResidential,Small- and Mid-Sized Office,47.661,-122.31626,0.0,99005,0,Office,4728488.5,119.03,55,16500.833333333332,1
2016,NonResidential,Large Office,47.66065,-122.31689,1.0,135051,44248,Office,4426136.0,30.86,14,12971.857142857143,2
2016,NonResidential,Large Office,47.65999,-122.31741,1.0,220649,82720,Office,7046345.5,49.12,14,22988.166666666668,2
2016,NonResidential,Self-Storage Facility,47.61591,-122.33238,1.0,93660,0,Self-Storage Facility,873221.875,6.09,52,15610.0,1
2016,NonResidential,Large Office,47.61597,-122.33086,1.0,413715,64660,Office,24224888.0,168.88,36,18371.315789473683,2
2016,NonResidential,Mixed Use Property,47.6177,-122.3306,1.0,381381,195621,Parking,9765777.0,72.42,16,15480.0,3
2016,NonResidential,Large Office,47.61695,-122.32965,1.0,497513,118744,Office,26823218.0,197.19,28,18036.619047619046,2
2016,NonResidential,Large Office,47.61431,-122.34244,1.0,543876,116721,Office,25307744.0,176.43,37,17086.2,2
2016,NonResidential,Mixed Use Property,47.6177,-122.3545,1.0,109347,38700,Laboratory,8218155.5,91.13,36,14129.4,3
2016,NonResidential,Large Office,47.6182,-122.352,1.0,396626,124216,Office,20361158.0,141.95,34,38915.71428571428,2
2016,NonResidential,Large Office,47.61598,-122.34369,1.0,287471,83591,Office,14913424.0,103.97,14,29125.714285714286,4
2016,NonResidential,Large Office,47.61734,-122.34434,1.0,192630,48512,Office,5357833.0,46.03,69,36029.5,2
2016,NonResidential,Large Office,47.6176,-122.35686,1.0,253103,61986,Office,29949248.0,208.79,32,21235.222222222223,4
2016,NonResidential,Supermarket / Grocery Store,47.7019,-122.36374,1.0,60880,0,Supermarket/Grocery Store,14293972.0,384.27,60,30440.0,1
2016,NonResidential,Small- and Mid-Sized Office,47.60227,-122.33202,1.0,50176,0,Office,2933288.75,24.91,116,8362.666666666666,3
2016,NonResidential,Warehouse,47.54066,-122.33023,1.0,128800,0,Non-Refrigerated Warehouse,1809101.5,78.92,39,64400.0,2
2016,NonResidential,Large Office,47.60932,-122.33388,1.0,321945,0,Office,13656587.0,355.05,89,35771.666666666664,3
2016,NonResidential,Large Office,47.60896,-122.33481,1.0,635824,0,Office,48479988.0,337.97,40,14786.60465116279,5
2016,NonResidential,Retail Store,47.57936,-122.29744,1.0,291940,0,Retail Store,11688601.0,162.45,36,97313.33333333333,2
2016,NonResidential,Mixed Use Property,47.52871,-122.29443,0.0,88400,0,Non-Refrigerated Warehouse,4383100.5,116.03,46,44200.0,3
2016,NonResidential,Warehouse,47.72912,-122.34677,1.0,52311,0,Non-Refrigerated Warehouse,930611.875,48.65,56,26155.5,1
2016,NonResidential,Other,47.62323,-122.33028,1.0,141131,69710,Parking,3085814.0,21.51,7,11903.5,5
2016,NonResidential,Large Office,47.62333,-122.3296,1.0,176532,70067,Office,5803409.0,40.46,15,17744.166666666668,2
2016,NonResidential,Warehouse,47.65825,-122.3683,1.0,52500,0,Non-Refrigerated Warehouse,3989399.0,70.47,43,26250.0,2
2016,NonResidential,Warehouse,47.66587,-122.38476,1.0,57300,0,Non-Refrigerated Warehouse,4560492.0,156.67,57,19100.0,2
2016,NonResidential,Large Office,47.61429,-122.35263,1.0,350310,0,Office,18102026.0,224.36,100,50044.28571428572,3
2016,NonResidential,Large Office,47.61003,-122.33452,1.0,135918,0,Office,6423556.5,193.72,58,12356.181818181818,1
2016,NonResidential,Retail Store,47.61159,-122.33601,1.0,79957,0,Retail Store,5252131.0,36.61,102,15991.4,2
2016,NonResidential,Large Office,47.61125,-122.33494,1.0,500000,0,Office,18848780.0,131.4,33,16666.666666666668,3
2016,NonResidential,Large Office,47.61005,-122.3361,0.0,132326,0,Office,6029020.0,65.2,90,12029.636363636364,3
2016,NonResidential,Large Office,47.61033,-122.3357,1.0,109830,13200,Office,7335905.5,51.14,32,13804.285714285714,4
2016,NonResidential,Large Office,47.60991,-122.33687,1.0,130513,0,Office,11651200.0,318.08,106,11864.818181818182,3
2016,NonResidential,Small- and Mid-Sized Office,47.60953,-122.33647,1.0,60660,0,Office,2586116.0,18.03,96,6740.0,2
2016,NonResidential,Large Office,47.60902,-122.33674,1.0,137350,0,Office,6366084.5,202.99,87,9156.666666666666,1
2016,NonResidential,Large Office,47.60923,-122.33625,1.0,151039,0,Office,5446624.0,238.09,87,9439.9375,1
2016,NonResidential,Small- and Mid-Sized Office,47.60995,-122.33904,1.0,63540,0,Office,3518459.5,74.83,110,12708.0,1
2016,NonResidential,Large Office,47.60987,-122.33824,1.0,130893,0,Office,6962073.0,48.54,89,11899.363636363636,3
2016,NonResidential,Mixed Use Property,47.60821,-122.33899,1.0,79920,0,Office,3009463.75,20.98,106,13320.0,3
2016,Campus,Mixed Use Property,47.60881,-122.34119,1.0,137400,0,Retail Store,14940504.0,316.2,108,27480.0,9
2016,NonResidential,Other,47.61164,-122.33446,1.0,147852,86429,Parking,9671619.0,185.03,20,8774.714285714286,4
2016,NonResidential,Other,47.61185,-122.33421,0.0,267335,166960,Parking,7273155.5,147.75,20,20075.0,3
2016,NonResidential,Large Office,47.60967,-122.33229,1.0,794592,0,Office,26689658.0,216.43,36,21475.45945945946,3
2016,NonResidential,Large Office,47.60909,-122.33202,1.0,456304,93204,Office,19397324.0,135.23,45,16504.545454545456,2
2016,NonResidential,Large Office,47.61029,-122.34089,1.0,115857,15140,Office,4757299.5,33.17,30,7747.461538461538,3
2016,NonResidential,Small- and Mid-Sized Office,47.61116,-122.34748,1.0,87500,17500,Office,4549892.0,31.72,17,14000.0,2
2016,NonResidential,Large Office,47.6117,-122.34778,1.0,374405,184776,Office,13329024.0,92.92,18,15802.416666666666,2
2016,NonResidential,Other,47.61252,-122.34351,1.0,193500,38000,Other,14436982.0,100.65,31,11961.538461538461,1
2016,NonResidential,Large Office,47.61108,-122.34217,1.0,102846,0,Office,5327249.5,281.55,93,8570.5,2
2016,NonResidential,Small- and Mid-Sized Office,47.61304,-122.34059,1.0,52800,0,Office,2429021.0,44.48,91,10560.0,2
2016,Campus,Mixed Use Property,47.61229,-122.33903,3.0,258497,0,Parking,20779796.0,418.9,103,23499.727272727272,5
2016,NonResidential,Retail Store,47.61098,-122.33815,1.0,861702,0,Retail Store,17666646.0,328.83,87,95744.66666666667,2
2016,NonResidential,Other,47.61,-122.32922,1.0,206950,97400,Other,19295226.0,249.09,17,18258.333333333332,1
2016,NonResidential,Other,47.61048,-122.32837,1.0,46710,0,Urgent Care/Clinic/Other Outpatient,4169431.5,130.69,28,4671.0,1
2016,NonResidential,Medical Office,47.61048,-122.32837,1.0,266000,104000,Medical Office,13911761.0,201.15,71,40500.0,2
2016,NonResidential,Medical Office,47.60921,-122.32425,1.0,690158,407795,Medical Office,21156670.0,147.49,24,18824.2,2
2016,NonResidential,Mixed Use Property,47.61915,-122.34857,1.0,378443,177660,Parking,55073120.0,456.22,15,28683.285714285714,6
2016,NonResidential,Hotel,47.62036,-122.34588,1.0,109017,29409,Hotel,9474745.0,243.66,37,13268.0,1
2016,NonResidential,Large Office,47.62177,-122.36158,1.0,275734,38452,Office,16373232.0,114.14,35,39547.0,2
2016,NonResidential,Warehouse,47.56064,-122.32522,1.0,123061,0,Non-Refrigerated Warehouse,1987934.625,13.86,15,61530.5,1
2016,NonResidential,Distribution Center,47.54868,-122.3255,1.0,59090,0,Distribution Center,2756214.75,117.11,53,29545.0,2
2016,NonResidential,Warehouse,47.5471,-122.32406,1.0,106000,0,Non-Refrigerated Warehouse,763364.5,5.32,53,53000.0,1
2016,NonResidential,Large Office,47.63349,-122.32634,1.0,158600,38400,Office,18309150.0,236.9,54,30050.0,3
2016,NonResidential,Distribution Center,47.53764,-122.3232,1.0,119661,0,Distribution Center,775729.1875,5.44,56,59830.5,1
2016,NonResidential,Large Office,47.62958,-122.32826,1.0,139200,44728,Office,4342597.0,30.27,15,11809.0,1
2016,NonResidential,Small- and Mid-Sized Office,47.62566,-122.34287,1.0,95721,33921,Office,3063504.5,21.36,32,8828.57142857143,2
2016,NonResidential,Large Office,47.62929,-122.34194,2.0,213283,115228,Office,5661689.5,39.47,20,16342.5,2
2016,NonResidential,Large Office,47.64776,-122.33924,1.0,103697,47656,Office,11319836.0,374.92,15,14010.25,1
2016,NonResidential,Small- and Mid-Sized Office,47.70105,-122.32659,1.0,74880,0,Office,5134607.5,35.8,42,12480.0,2
2016,NonResidential,Small- and Mid-Sized Office,47.69999,-122.32663,1.0,88774,0,Office,6029121.5,42.03,37,12682.0,2
2016,NonResidential,Large Office,47.69917,-122.3268,1.0,122250,0,Office,5535626.0,38.59,33,20375.0,4
2016,NonResidential,Small- and Mid-Sized Office,47.70063,-122.32487,1.0,53730,0,Office,4742869.0,33.06,37,10746.0,2
2016,NonResidential,Small- and Mid-Sized Office,47.5671,-122.36416,1.0,55593,0,Office,4224872.5,93.23,56,13898.25,1
2016,NonResidential,Large Office,47.62269,-122.33224,1.0,134056,60960,Office,4695139.0,32.73,34,14619.2,2
2016,NonResidential,Retail Store,47.5653,-122.33076,1.0,158415,0,Retail Store,22394416.0,454.49,11,79207.5,1
2016,NonResidential,Large Office,47.61907,-122.33651,1.0,287819,0,Office,48406556.0,349.07,87,31979.88888888889,4
2016,NonResidential,Small- and Mid-Sized Office,47.62003,-122.35706,1.0,86995,28800,Office,2991674.75,20.86,31,11639.0,2
2016,NonResidential,Retail Store,47.66057,-122.36857,1.0,164437,0,Retail Store,18390344.0,326.18,17,82218.5,3
2016,NonResidential,Large Office,47.62402,-122.33755,1.0,184482,66234,Office,5671256.0,40.47,7,19708.0,3
2016,NonResidential,Laboratory,47.62348,-122.33743,1.0,55200,0,Laboratory,11594121.0,269.71,88,13800.0,2
2016,NonResidential,Large Office,47.62286,-122.33804,1.0,139282,52582,Office,3238216.0,22.57,12,12385.714285714286,5
2016,NonResidential,Large Office,47.62383,-122.3356,1.0,271071,98700,Office,7851334.5,61.93,7,28728.5,3
2016,NonResidential,Warehouse,47.62572,-122.33389,1.0,127800,0,Non-Refrigerated Warehouse,2767491.0,29.53,102,21300.0,1
2016,NonResidential,Large Office,47.62621,-122.33128,1.0,226592,95000,Office,11963428.0,94.64,15,18798.85714285714,2
2016,NonResidential,Large Office,47.62137,-122.33744,1.0,209816,73673,Office,6917478.5,122.68,10,27228.6,4
2016,NonResidential,Large Office,47.62131,-122.33814,1.0,303103,109905,Office,7519466.5,69.59,10,27599.714285714286,3
2016,NonResidential,Mixed Use Property,47.62002,-122.33687,1.0,67380,0,Non-Refrigerated Warehouse,2755829.0,74.1,62,16845.0,5
2016,NonResidential,Small- and Mid-Sized Office,47.62115,-122.3597,1.0,88062,20826,Office,3415561.25,23.81,42,11206.0,2
2016,NonResidential,Small- and Mid-Sized Office,47.62224,-122.3585,1.0,87178,20416,Office,3632613.75,25.32,44,11127.0,2
2016,NonResidential,Small- and Mid-Sized Office,47.62224,-122.3585,1.0,87178,20416,Office,3493093.75,24.35,46,11127.0,2
2016,NonResidential,Small- and Mid-Sized Office,47.62014,-122.35768,1.0,88000,21600,Office,3484915.5,24.29,45,11066.666666666666,2
2016,NonResidential,Medical Office,47.65821,-122.31831,1.0,196749,88405,Medical Office,19165116.0,477.87,28,21668.8,2
2016,NonResidential,Medical Office,47.65884,-122.3183,1.0,191276,95281,Medical Office,8422861.0,77.99,22,19199.0,1
2016,NonResidential,Warehouse,47.56885,-122.37121,1.0,98475,0,Non-Refrigerated Warehouse,1090496.625,22.44,19,19695.0,1
2016,NonResidential,Supermarket / Grocery Store,47.7237,-122.29232,1.0,308965,187878,Supermarket/Grocery Store,14512786.0,277.98,21,40362.333333333336,2
2016,NonResidential,Supermarket / Grocery Store,47.56895,-122.33775,1.0,63225,0,Supermarket/Grocery Store,6522551.5,45.47,8,31612.5,1
2016,Nonresidential COS,Other,47.56548,-122.35378,0.0,113780,0,Other - Services,3574542.25,121.98,61,56890.0,2
2016,NonResidential,Warehouse,47.56419,-122.34262,1.0,243044,0,Non-Refrigerated Warehouse,1396082.25,41.8,17,121522.0,1
2016,NonResidential,Other,47.64942,-122.35024,1.0,280252,156312,Parking,11521702.0,80.32,15,30985.0,3
2016,NonResidential,Other,47.63549,-122.34103,1.0,66462,12998,Other,6876439.5,47.94,64,13366.0,2
2016,NonResidential,Retail Store,47.72053,-122.34739,1.0,131387,0,Retail Store,8773058.0,110.46,19,65693.5,1
2016,NonResidential,Warehouse,47.72377,-122.34095,1.0,94400,0,Non-Refrigerated Warehouse,784364.5,10.24,17,23600.0,1
2016,NonResidential,Other,47.72546,-122.34659,6.0,111900,0,Strip Mall,9814820.0,226.43,52,55950.0,2
2016,NonResidential,Supermarket / Grocery Store,47.72803,-122.34214,0.0,144776,0,Wholesale Club/Supercenter,13424079.0,237.39,32,72388.0,1
2016,NonResidential,Supermarket / Grocery Store,47.7235,-122.34458,1.0,50083,0,Supermarket/Grocery Store,8663691.0,158.92,19,25041.5,2
2016,NonResidential,Large Office,47.65086,-122.35412,1.0,124071,28645,Office,4991360.5,34.9,28,23856.5,1
2016,NonResidential,Small- and Mid-Sized Office,47.64963,-122.35158,1.0,90000,36528,Office,3897738.0,27.17,16,10694.4,1
2016,NonResidential,Small- and Mid-Sized Office,47.64849,-122.35041,1.0,96041,33709,Office,5413418.0,37.74,15,15583.0,2
2016,NonResidential,Large Office,47.64822,-122.34848,1.0,280957,114829,Office,11325513.0,94.47,17,41532.0,4
2016,NonResidential,Large Office,47.64882,-122.34905,1.0,243334,103032,Office,8651835.0,85.01,17,28060.4,2
2016,NonResidential,Large Office,47.55146,-122.32832,1.0,390295,121375,Office,7683885.0,53.57,34,44820.0,2
2016,NonResidential,Warehouse,47.54983,-122.32858,1.0,90000,0,Non-Refrigerated Warehouse,1429146.375,17.17,49,30000.0,2
2016,NonResidential,Retail Store,47.55032,-122.32614,1.0,50200,0,Retail Store,1047461.0,32.22,50,25100.0,1
2016,NonResidential,Small- and Mid-Sized Office,47.66891,-122.38528,1.0,94033,6200,Office,4758198.0,120.24,91,12547.57142857143,5
2016,NonResidential,Warehouse,47.66724,-122.38553,1.0,63240,0,Non-Refrigerated Warehouse,227566.7031,8.15,75,21080.0,1
2016,NonResidential,Other,47.66233,-122.3748,1.0,322869,182454,Parking,17085344.0,413.35,8,23402.5,2
2016,NonResidential,Self-Storage Facility,47.64676,-122.37581,1.0,130293,23400,Self-Storage Facility,465533.3125,3.25,28,21378.6,2
2016,NonResidential,Warehouse,47.65567,-122.37478,1.0,106041,0,Non-Refrigerated Warehouse,1123943.0,25.58,19,21208.2,1
2016,NonResidential,Self-Storage Facility,47.63634,-122.3754,1.0,94470,0,Self-Storage Facility,1000796.875,33.18,60,23617.5,1
2016,NonResidential,Large Office,47.59963,-122.32796,1.0,181694,38186,Office,7637986.0,53.25,14,13046.181818181818,3
2016,NonResidential,Warehouse,47.54769,-122.3251,1.0,22780,0,Non-Refrigerated Warehouse,402051.3125,2.8,50,11390.0,1
2016,NonResidential,Distribution Center,47.54187,-122.32714,1.0,124472,0,Distribution Center,5464762.0,237.36,49,62236.0,2
2016,NonResidential,Large Office,47.60411,-122.33225,1.0,227556,98556,Office,8493420.0,59.21,46,5608.695652173913,2
2016,NonResidential,Distribution Center,47.54187,-122.32714,1.0,50065,0,Distribution Center,1529510.25,42.65,49,25032.5,2
2016,NonResidential,Distribution Center,47.54621,-122.33486,1.0,57540,0,Distribution Center,2582687.0,76.68,47,28770.0,1
2016,NonResidential,Warehouse,47.54853,-122.32814,1.0,85400,0,Non-Refrigerated Warehouse,1536998.25,10.72,50,42700.0,1
2016,NonResidential,Warehouse,47.54912,-122.32819,1.0,55700,0,Non-Refrigerated Warehouse,519806.0938,3.62,50,27850.0,1
2016,NonResidential,Small- and Mid-Sized Office,47.54965,-122.3278,1.0,53250,0,Office,1794187.25,46.93,52,26625.0,2
2016,NonResidential,Small- and Mid-Sized Office,47.62476,-122.34843,1.0,78672,28427,Office,2179719.75,28.63,29,7177.857142857143,1
2016,NonResidential,Warehouse,47.71286,-122.34422,1.0,64660,0,Non-Refrigerated Warehouse,325513.0,6.32,30,16165.0,1
2016,NonResidential,Mixed Use Property,47.61552,-122.31744,1.0,75844,19928,Other,3684188.5,38.48,89,18638.666666666668,3
2016,NonResidential,Distribution Center,47.5701,-122.33342,1.0,161678,0,Distribution Center,9357230.0,204.81,48,80839.0,1
2016,NonResidential,Distribution Center,47.56874,-122.33303,1.0,101101,0,Distribution Center,21795830.0,152.71,67,50550.5,1
2016,NonResidential,Distribution Center,47.57023,-122.33241,1.0,52613,0,Distribution Center,1061458.25,32.02,36,26306.5,1
2016,NonResidential,Other,47.56785,-122.33361,1.0,56608,0,Other,5094197.0,74.31,76,28304.0,2
2016,NonResidential,Refrigerated Warehouse,47.56637,-122.33273,1.0,104099,0,Refrigerated Warehouse,17695420.0,142.36,63,52049.5,3
2016,NonResidential,Supermarket / Grocery Store,47.69267,-122.35506,1.0,58184,7450,Supermarket/Grocery Store,14715262.0,414.43,13,25367.0,2
2016,NonResidential,Supermarket / Grocery Store,47.73315,-122.3105,1.0,58480,0,Supermarket/Grocery Store,11054535.0,272.54,36,29240.0,1
2016,NonResidential,Large Office,47.62029,-122.33078,1.0,336700,124800,Office,9058916.0,54.92,11,30271.428571428572,3
2016,NonResidential,Retail Store,47.62,-122.33027,1.0,264008,159994,Retail Store,9937707.0,190.61,20,20802.8,1
2016,NonResidential,Small- and Mid-Sized Office,47.59367,-122.30957,1.0,62220,0,Office,5444253.5,38.55,102,20740.0,3
2016,NonResidential,Small- and Mid-Sized Office,47.59388,-122.31124,1.0,65430,0,Office,3181045.5,90.24,46,32715.0,2
2016,NonResidential,Large Office,47.66517,-122.30186,1.0,102290,42440,Office,6062770.5,49.17,10,14962.5,2
2016,NonResidential,Other,47.6144,-122.30982,1.0,80004,0,Other,12232124.0,85.28,90,20001.0,1
2016,NonResidential,Warehouse,47.56407,-122.32765,1.0,323916,0,Non-Refrigerated Warehouse,8024064.5,262.45,25,107972.0,2
2016,NonResidential,Mixed Use Property,47.5928,-122.31599,1.0,304052,0,Office,21027396.0,247.35,84,20270.133333333335,3
2016,NonResidential,Small- and Mid-Sized Office,47.64037,-122.32626,1.0,85385,31210,Office,4855036.5,33.85,38,10835.0,3
2016,NonResidential,Distribution Center,47.53687,-122.33316,1.0,98024,0,Distribution Center,1988334.5,42.25,27,32674.666666666668,2
2016,NonResidential,Mixed Use Property,47.62405,-122.33084,1.0,65000,15000,Office,2603931.25,63.89,88,25000.0,3
2016,NonResidential,Large Office,47.62488,-122.33007,1.0,144573,66620,Office,5135040.0,35.8,26,12992.166666666666,2
2016,NonResidential,Retail Store,47.70759,-122.3255,1.0,302812,0,Retail Store,7290824.5,129.29,66,100937.33333333333,1
2016,NonResidential,Small- and Mid-Sized Office,47.70744,-122.33171,1.0,86400,0,Office,9080022.0,293.55,42,14400.0,1
2016,NonResidential,Other,47.7094,-122.31843,0.0,98539,0,Strip Mall,5450441.5,46.49,47,32846.333333333336,1
2016,NonResidential,Small- and Mid-Sized Office,47.70732,-122.33279,1.0,86483,0,Office,6361236.5,44.35,35,12354.714285714286,2
2016,NonResidential,Distribution Center,47.53926,-122.34143,1.0,51600,0,Distribution Center,1124543.125,22.1,40,25800.0,2
2016,NonResidential,Warehouse,47.53689,-122.33847,1.0,140520,0,Non-Refrigerated Warehouse,2225512.0,57.73,48,70260.0,1
2016,NonResidential,Large Office,47.63116,-122.34193,1.0,154029,62380,Office,4636396.5,58.88,30,15274.833333333334,2
2016,NonResidential,Other,47.70887,-122.33494,1.0,161789,91935,Parking,6963616.5,49.28,11,17463.5,2
2016,NonResidential,Medical Office,47.7126,-122.33782,1.0,63909,0,Medical Office,4765753.5,33.22,11,15977.25,2
2016,NonResidential,Warehouse,47.69814,-122.34295,1.0,53472,0,Non-Refrigerated Warehouse,971155.625,34.0,68,17824.0,2
2016,NonResidential,Warehouse,47.52696,-122.32913,1.0,50417,0,Non-Refrigerated Warehouse,1847401.0,58.67,36,25208.5,1
2016,NonResidential,Medical Office,47.70449,-122.33272,1.0,133298,0,Medical Office,15640994.0,295.48,55,33324.5,1
2016,NonResidential,Retail Store,47.70759,-122.3255,1.0,168619,0,Retail Store,6455828.5,91.1,51,56206.333333333336,1
2016,NonResidential,Large Office,47.6244,-122.33157,1.0,175885,71385,Office,6486377.5,45.22,16,20900.0,2
2016,NonResidential,Warehouse,47.56089,-122.33474,1.0,104786,0,Non-Refrigerated Warehouse,1028376.875,23.86,47,34928.666666666664,1
2016,NonResidential,Other,47.55787,-122.335,1.0,53040,41600,Other,1770027.5,49.9,16,5720.0,1
2016,NonResidential,Other,47.55741,-122.33163,0.0,110689,0,Other,2339814.25,107.83,43,55344.5,1
2016,NonResidential,Small- and Mid-Sized Office,47.5563,-122.33186,1.0,53620,0,Office,2058955.25,22.12,68,26810.0,1
2016,NonResidential,Small- and Mid-Sized Office,47.55623,-122.33316,1.0,50008,0,Office,3202213.0,65.3,78,25004.0,1
2016,NonResidential,Large Office,47.6252,-122.36737,1.0,291176,100176,Office,6657348.5,49.74,7,38200.0,2
2016,NonResidential,Warehouse,47.56549,-122.33221,1.0,50832,0,Non-Refrigerated Warehouse,2551022.25,107.16,59,25416.0,2
2016,NonResidential,Refrigerated Warehouse,47.56158,-122.32754,1.0,76354,0,Refrigerated Warehouse,2843033.5,20.29,45,38177.0,1
2016,NonResidential,Warehouse,47.56558,-122.32889,1.0,98480,0,Non-Refrigerated Warehouse,2831565.5,39.5,60,49240.0,1
2016,NonResidential,Mixed Use Property,47.66113,-122.33572,1.0,53002,0,Retail Store,3441643.25,64.0,112,17667.333333333332,4
2016,NonResidential,Other,47.63108,-122.32746,1.0,169785,63782,Other,19155416.0,406.02,96,26500.75,2
2016,NonResidential,Large Office,47.63,-122.3396,1.0,124721,0,Office,13898181.0,365.79,45,10393.416666666666,4
2016,NonResidential,Small- and Mid-Sized Office,47.63376,-122.33968,1.0,94002,0,Office,5662234.0,39.47,46,11750.25,2
2016,NonResidential,Warehouse,47.55515,-122.3275,1.0,93020,0,Non-Refrigerated Warehouse,1252323.875,8.73,42,46510.0,1
2016,NonResidential,Other,47.6153,-122.35014,1.0,23000,0,Other,711118.375,25.74,70,11500.0,2
2016,NonResidential,Supermarket / Grocery Store,47.52095,-122.26825,1.0,61053,0,Supermarket/Grocery Store,13133225.0,306.5,14,30526.5,2
2016,NonResidential,Small- and Mid-Sized Office,47.59895,-122.33379,1.0,78920,0,Office,2830674.75,19.73,112,13153.333333333334,1
2016,NonResidential,Small- and Mid-Sized Office,47.59855,-122.33327,1.0,99440,0,Office,6606832.5,134.69,110,12430.0,2
2016,NonResidential,Small- and Mid-Sized Office,47.59856,-122.33379,1.0,73260,0,Office,2853189.5,19.89,109,10465.714285714286,1
2016,NonResidential,Small- and Mid-Sized Office,47.59979,-122.3338,1.0,69817,0,Office,2178074.5,76.8,116,13963.4,2
2016,NonResidential,Small- and Mid-Sized Office,47.60035,-122.33379,1.0,84750,0,Office,2094724.625,26.04,116,16950.0,2
2016,NonResidential,Small- and Mid-Sized Office,47.60146,-122.33248,1.0,75496,13320,Office,3570161.75,24.89,116,8882.285714285714,3
2016,NonResidential,Large Office,47.59962,-122.33247,1.0,164380,0,Office,7655751.0,130.31,116,32876.0,2
2016,NonResidential,Large Office,47.59858,-122.33198,1.0,160580,0,Office,4336187.5,99.59,109,20072.5,1
2016,Nonresidential COS,Other,47.59871,-122.3299,1.0,67755,0,Other,1904480.0,13.28,110,16938.75,4
2016,NonResidential,Mixed Use Property,47.59334,-122.32905,1.0,56700,0,Office,2371575.0,31.58,106,14175.0,3
2016,NonResidential,Warehouse,47.59366,-122.32666,1.0,82852,0,Non-Refrigerated Warehouse,2153603.5,65.56,94,41426.0,2
2016,NonResidential,Other,47.57941,-122.33131,1.0,76442,0,Other,3978277.0,132.6,63,25480.666666666668,3
2016,NonResidential,Distribution Center,47.57658,-122.33054,1.0,92792,0,Distribution Center,3155496.0,74.18,54,30930.666666666668,2
2016,NonResidential,Other,47.58444,-122.33282,2.0,125519,0,Manufacturing/Industrial Plant,2244317.0,15.65,75,41839.666666666664,1
2016,NonResidential,Large Office,47.58361,-122.33369,1.0,129000,25800,Office,4374646.0,30.5,116,20640.0,1
2016,NonResidential,Warehouse,47.58781,-122.33264,1.0,78814,0,Non-Refrigerated Warehouse,861972.875,16.48,62,39407.0,1
2016,NonResidential,Small- and Mid-Sized Office,47.59486,-122.33368,1.0,58970,0,Office,1776411.75,41.18,112,11794.0,4
2016,NonResidential,Distribution Center,47.59403,-122.33367,1.0,75600,10800,Distribution Center,2688675.75,18.74,106,9257.142857142857,3
2016,NonResidential,Distribution Center,47.59363,-122.33371,1.0,56270,0,Distribution Center,1056782.125,7.37,109,11254.0,4
2016,NonResidential,Small- and Mid-Sized Office,47.59701,-122.33378,1.0,66842,0,Office,5608600.5,138.35,112,13368.4,2
2016,NonResidential,Small- and Mid-Sized Office,47.59639,-122.33368,1.0,75288,10800,Office,2891605.0,20.18,107,9212.57142857143,2
2016,NonResidential,Large Office,47.59806,-122.33475,1.0,184322,0,Office,9722890.0,67.78,112,23040.25,2
2016,NonResidential,Large Office,47.59767,-122.33467,1.0,287853,0,Office,25567108.0,182.14,7,35981.625,2
2016,NonResidential,Small- and Mid-Sized Office,47.59202,-122.33486,1.0,64512,0,Office,5968153.5,180.76,102,21504.0,1
2016,NonResidential,Mixed Use Property,47.58924,-122.33566,1.0,286000,111774,Parking,63835192.0,445.62,7,24889.428571428572,5
2016,NonResidential,Warehouse,47.58365,-122.33467,1.0,144050,0,Non-Refrigerated Warehouse,3929371.0,98.43,90,18006.25,1
2016,NonResidential,Small- and Mid-Sized Office,47.58252,-122.33465,1.0,60592,0,Office,5049446.5,47.25,86,15148.0,1
2016,NonResidential,Retail Store,47.57842,-122.33558,1.0,107930,0,Retail Store,7221482.5,100.42,23,53965.0,1
2016,NonResidential,Warehouse,47.57096,-122.3355,1.0,99084,0,Non-Refrigerated Warehouse,1618110.375,49.25,90,49542.0,1
2016,NonResidential,Distribution Center,47.56676,-122.35247,1.0,72719,0,Distribution Center,2581741.75,42.74,63,36359.5,1
2016,NonResidential,Small- and Mid-Sized Office,47.59534849,-122.327269,0.0,76624,0,Office,2773647.5,33.41,86,15324.8,1
2016,NonResidential,Small- and Mid-Sized Office,47.66158,-122.31625,1.0,91706,36583,Office,8570571.0,59.75,15,7874.714285714285,3
2016,NonResidential,Medical Office,47.62395,-122.33392,1.0,129093,39902,Medical Office,19248732.0,477.85,8,14865.166666666666,3
2016,NonResidential,Large Office,47.56787,-122.36419,1.0,138106,16221,Office,8381834.5,58.43,25,20314.166666666668,2
2016,NonResidential,Retail Store,47.56664,-122.32346,1.0,56572,0,Retail Store,2409429.0,67.29,43,28286.0,1
2016,NonResidential,Large Office,47.59794,-122.32767,1.0,312512,0,Office,25747022.0,185.39,16,26042.666666666668,3
2016,NonResidential,Large Office,47.6074,-122.33777,1.0,1592914,0,Office,56498868.0,481.06,11,37044.51162790698,5
2016,NonResidential,Small- and Mid-Sized Office,47.61077,-122.3361,1.0,97720,0,Office,2478025.25,17.28,90,13960.0,3
2016,NonResidential,Medical Office,47.61002,-122.32222,1.0,422503,206580,Medical Office,17254810.0,190.1,31,19629.363636363636,1
2016,NonResidential,Medical Office,47.60649,-122.31121,1.0,94500,0,Medical Office,5792926.0,40.38,29,11812.5,1
2016,NonResidential,Retail Store,47.53655,-122.36377,0.0,94713,0,Retail Store,5417598.0,94.74,11,47356.5,1
2016,NonResidential,Medical Office,47.60707,-122.3288,1.0,302902,101342,Medical Office,14751117.0,130.32,8,20156.0,2
2016,NonResidential,Medical Office,47.60883,-122.32494,1.0,319911,156407,Medical Office,15067340.0,357.39,43,8175.2,2
2016,NonResidential,Large Office,47.60353,-122.33558,1.0,205521,0,Office,8138616.5,282.46,116,29360.14285714286,2
2016,NonResidential,Small- and Mid-Sized Office,47.60197,-122.33437,1.0,56700,0,Office,3065954.5,21.37,116,8100.0,2
2016,NonResidential,Small- and Mid-Sized Office,47.59554,-122.32471,1.0,72000,0,Office,2729167.75,23.48,91,14400.0,1
2016,NonResidential,Large Office,47.63347,-122.34078,1.0,191146,94892,Office,5101504.5,35.56,16,19250.8,2
2016,NonResidential,Other,47.56797,-122.36711,1.0,68763,11527,Other - Recreation,9029489.0,310.19,15,14309.0,3
2016,NonResidential,Large Office,47.61567,-122.33503,1.0,362046,0,Office,15725581.0,116.95,8,24136.4,3
2016,NonResidential,Other,47.62476,-122.35521,3.0,81336,0,Lifestyle Center,13085297.0,270.17,22,27112.0,1
2016,NonResidential,Large Office,47.6115,-122.33278,1.0,538933,0,Office,16020642.0,111.69,15,22455.541666666668,2
2016,NonResidential,Other,47.61234,-122.34897,1.0,275982,197130,Parking,5233553.5,36.49,33,11264.57142857143,2
2016,NonResidential,Small- and Mid-Sized Office,47.62497,-122.35965,1.0,98668,0,Office,4391348.0,30.61,34,16444.666666666668,1
2016,NonResidential,Large Office,47.57639,-122.32072,1.0,158931,28381,Office,8751704.0,98.54,9,65275.0,4
2016,NonResidential,Large Office,47.65692,-122.37059,1.0,105100,0,Office,22078064.0,357.86,38,52550.0,1
2016,NonResidential,Retail Store,47.63284,-122.37712,1.0,50660,0,Retail Store,2661488.0,60.7,38,25330.0,1
2016,NonResidential,Small- and Mid-Sized Office,47.63156,-122.37551,1.0,61929,0,Office,2203026.5,55.73,79,20643.0,1
2016,NonResidential,Large Office,47.62302,-122.36476,1.0,165111,55000,Office,25478086.0,177.62,16,22022.2,3
2016,NonResidential,Small- and Mid-Sized Office,47.61588,-122.34965,1.0,20565,0,Office,802312.5,5.59,91,5141.25,1
2016,NonResidential,Large Office,47.62175,-122.36313,1.0,159937,55971,Office,7857972.5,54.78,16,17327.666666666668,2
2016,NonResidential,Large Office,47.62101,-122.36188,1.0,183964,46763,Office,14856199.0,103.57,8,22866.833333333332,3
2016,NonResidential,Large Office,47.61891,-122.35958,1.0,208210,78848,Office,5514308.5,116.74,30,21560.333333333332,2
2016,NonResidential,Large Office,47.61813,-122.35833,1.0,277486,80283,Office,12729858.0,88.74,30,24650.375,3
2016,NonResidential,Large Office,47.614,-122.35375,1.0,187130,0,Office,10053489.0,70.09,23,46782.5,6
2016,NonResidential,Large Office,47.61287,-122.35022,1.0,251044,117867,Office,17186624.0,119.81,16,22196.166666666668,2
2016,NonResidential,Warehouse,47.60703,-122.34038,1.0,154330,0,Non-Refrigerated Warehouse,1262235.25,8.8,104,25721.666666666668,1
2016,NonResidential,Large Office,47.60604,-122.33948,1.0,108245,14690,Office,4515180.5,50.17,98,13365.0,6
2016,NonResidential,Large Office,47.6047,-122.33739,1.0,167860,0,Office,6797647.0,47.39,111,23980.0,3
2016,NonResidential,Large Office,47.60247,-122.33621,1.0,112560,0,Office,4946798.5,97.82,106,16080.0,2
2016,NonResidential,Retail Store,47.60223,-122.33602,1.0,86204,0,Other,3241917.0,69.02,106,12314.857142857143,1
2016,Nonresidential COS,Warehouse,47.5829,-122.32417,1.0,145158,0,Non-Refrigerated Warehouse,8384523.0,119.46,31,48386.0,3
2016,NonResidential,Large Office,47.58716,-122.32214,1.0,112896,0,Office,10287986.0,157.48,65,37632.0,2
2016,NonResidential,Distribution Center,47.58685,-122.32501,1.0,110613,0,Distribution Center,1015060.188,7.08,56,55306.5,2
2016,NonResidential,Warehouse,47.58553,-122.32511,1.0,149881,0,Non-Refrigerated Warehouse,2417401.25,95.86,65,29976.2,2
2016,NonResidential,Warehouse,47.58042,-122.32552,1.0,98220,0,Non-Refrigerated Warehouse,6468090.0,75.29,65,24555.0,1
2016,NonResidential,Distribution Center,47.58096,-122.32313,1.0,84420,0,Distribution Center,2848317.25,19.86,46,42210.0,3
2016,NonResidential,Distribution Center,47.57055,-122.3267,1.0,73335,0,Distribution Center,5197118.0,155.74,55,36667.5,2
2016,NonResidential,Distribution Center,47.5794,-122.32848,1.0,56876,0,Distribution Center,1791715.625,48.5,88,18958.666666666668,3
2016,NonResidential,Warehouse,47.58241,-122.32866,1.0,61200,0,Non-Refrigerated Warehouse,4912143.0,178.62,85,20400.0,1
2016,NonResidential,Distribution Center,47.58772,-122.32686,1.0,111908,0,Distribution Center,1555420.25,34.14,29,55954.0,1
2016,NonResidential,Other,47.5908,-122.32828,3.0,63644,0,Other - Public Services,6858533.5,168.5,30,21214.666666666668,2
2016,NonResidential,Mixed Use Property,47.59439,-122.32839,3.0,108753,18860,Non-Refrigerated Warehouse,3639670.25,25.37,86,29964.333333333332,6
2016,NonResidential,Supermarket / Grocery Store,47.69197,-122.35877,1.0,141890,35545,Supermarket/Grocery Store,16865978.0,293.56,46,53172.5,2
2016,NonResidential,Small- and Mid-Sized Office,47.6633,-122.37549,1.0,92092,21055,Office,4817062.0,33.58,15,14207.4,1
2016,NonResidential,Warehouse,47.6592,-122.38437,0.0,56259,0,Non-Refrigerated Warehouse,2346571.5,86.9,42,14064.75,3
2016,NonResidential,Large Office,47.64912,-122.34823,1.0,202623,88855,Office,8873485.0,61.86,8,22753.6,3
2016,NonResidential,Small- and Mid-Sized Office,47.64932,-122.35187,1.0,77174,25800,Office,5481549.0,38.21,16,17124.666666666668,1
2016,NonResidential,Large Office,47.62817,-122.34212,1.0,110524,0,Office,6859198.0,47.82,18,18420.666666666668,3
2016,NonResidential,Mixed Use Property,47.6289,-122.32877,1.0,287224,103650,Parking,21042926.0,314.43,8,30595.666666666668,4
2016,NonResidential,Large Office,47.62225,-122.35915,1.0,241875,84689,Office,8655604.0,68.06,16,19648.25,2
2016,NonResidential,Large Office,47.61949,-122.35639,1.0,102930,18720,Office,4750799.0,65.03,42,14035.0,2
2016,NonResidential,Small- and Mid-Sized Office,47.61472,-122.35566,1.0,76893,0,Office,12029600.0,260.13,114,19223.25,3
2016,NonResidential,Large Office,47.61732,-122.34791,1.0,150000,23630,Office,9343428.0,119.93,41,14041.111111111111,2
2016,NonResidential,Large Office,47.61628,-122.33391,1.0,274362,0,Office,16540550.0,147.82,63,34295.25,1
2016,NonResidential,Large Office,47.61599,-122.34165,1.0,378002,116280,Office,17750994.0,246.83,33,16357.625,2
2016,NonResidential,Large Office,47.61481,-122.33969,1.0,169020,0,Office,11480494.0,346.62,53,14085.0,5
2016,NonResidential,Large Office,47.61418,-122.33485,1.0,383515,89778,Office,15878689.0,110.7,35,14686.85,3
2016,NonResidential,Retail Store,47.61203,-122.33486,1.0,78920,0,Retail Store,8303666.5,109.85,87,15784.0,1
2016,NonResidential,Large Office,47.61051,-122.34439,1.0,131143,87160,Office,5177270.5,109.16,37,5497.875,2
2016,NonResidential,Other,47.61289,-122.33531,1.0,947987,0,Other - Mall,46510960.0,324.25,17,947987.0,4
2016,NonResidential,Mixed Use Property,47.61505,-122.32,1.0,55520,0,Office,3686962.25,150.88,108,11104.0,5
2016,NonResidential,Large Office,47.61036,-122.34037,1.0,132998,0,Office,3775187.5,133.8,108,12090.727272727272,2
2016,NonResidential,Retail Store,47.60956,-122.33715,1.0,83118,0,Retail Store,2443141.5,27.82,76,20779.5,1
2016,NonResidential,Retail Store,47.60925,-122.33734,1.0,77555,0,Retail Store,7802205.5,54.4,92,19388.75,1
2016,NonResidential,Small- and Mid-Sized Office,47.60765,-122.34097,1.0,51218,0,Office,2886141.5,20.12,107,7316.857142857143,2
2016,NonResidential,Large Office,47.60765,-122.3348,1.0,489182,0,Office,36378588.0,426.39,46,16306.066666666668,4
2016,NonResidential,Large Office,47.60741,-122.33565,1.0,189175,0,Office,19036416.0,132.71,95,13512.5,2
2016,NonResidential,Large Office,47.60582,-122.33464,1.0,293803,74481,Office,17074142.0,119.03,18,15665.857142857143,2
2016,NonResidential,Large Office,47.60576,-122.33922,1.0,122356,0,Office,4585070.5,41.8,106,15294.5,3
2016,NonResidential,Small- and Mid-Sized Office,47.60366,-122.33328,1.0,52298,0,Office,1968655.125,13.72,95,13074.5,1
2016,NonResidential,Large Office,47.60304,-122.33362,1.0,116640,0,Office,6758565.5,169.06,105,6480.0,4
2016,NonResidential,Large Office,47.60573,-122.33028,1.0,1249055,201121,Office,37980712.0,264.78,35,24370.558139534885,5
2016,NonResidential,Medical Office,47.60663,-122.32157,1.0,188339,99314,Medical Office,8523594.0,89.41,28,14837.5,2
2016,NonResidential,University,47.6094,-122.31506,1.0,60122,0,College/University,690529.5,9.31,100,20040.666666666668,2
2016,NonResidential,Small- and Mid-Sized Office,47.5981,-122.33369,1.0,95000,13700,Office,4052720.0,31.43,106,11614.285714285714,2
2016,NonResidential,Large Office,47.6029,-122.32927,1.0,224857,0,Office,15272491.0,390.67,45,22485.7,1
2016,NonResidential,Large Office,47.59878,-122.33088,1.0,446261,124788,Office,13568148.0,94.59,18,35719.22222222222,2
2016,NonResidential,Other,47.59273,-122.33455,1.0,58492,0,Other,1594422.5,51.56,77,19497.333333333332,1
2016,NonResidential,Small- and Mid-Sized Office,47.58958,-122.33369,1.0,62370,0,Office,4353025.0,30.35,109,8910.0,2
2016,NonResidential,Warehouse,47.58454,-122.3269,1.0,73296,0,Non-Refrigerated Warehouse,2356376.75,73.58,56,36648.0,2
2016,Nonresidential COS,Other,47.5829,-122.32417,1.0,99122,0,Other,14469228.0,179.45,72,19824.4,2
2016,NonResidential,Other,47.58251,-122.32528,1.0,66133,0,Other,6345009.5,89.94,31,33066.5,3
2016,NonResidential,Warehouse,47.57613,-122.33864,1.0,115668,0,Non-Refrigerated Warehouse,3534690.75,111.23,64,38556.0,4
2016,NonResidential,Other,47.56301,-122.32564,1.0,141686,0,Other,6673138.0,46.52,46,70843.0,1
2016,NonResidential,Small- and Mid-Sized Office,47.55695,-122.33176,1.0,93610,0,Office,6235947.0,152.28,66,46805.0,2
2016,NonResidential,Large Office,47.55238,-122.32762,1.0,156188,0,Office,6843855.0,60.92,43,52062.666666666664,2
2016,NonResidential,Warehouse,47.54923,-122.32446,1.0,115620,0,Non-Refrigerated Warehouse,1951856.25,13.61,50,57810.0,1
2016,NonResidential,Large Office,47.54699,-122.32882,1.0,238148,0,Office,10775646.0,75.12,41,39691.333333333336,2
2016,NonResidential,Distribution Center,47.54326,-122.33134,1.0,71718,0,Distribution Center,151754.2969,1.06,47,35859.0,1
2016,NonResidential,Warehouse,47.53628,-122.3329,1.0,55450,0,Non-Refrigerated Warehouse,4345698.0,131.64,47,27725.0,2
2016,NonResidential,Distribution Center,47.52549,-122.33064,1.0,54880,0,Distribution Center,2763597.0,89.53,37,27440.0,1
2016,NonResidential,Retail Store,47.52222,-122.36892,1.0,102500,0,Retail Store,7305474.0,158.55,24,51250.0,2
2016,NonResidential,Other,47.66478,-122.29804,1.0,361398,272900,Parking,8915523.0,119.92,14,12642.57142857143,4
2016,NonResidential,Supermarket / Grocery Store,47.57903,-122.29982,1.0,50785,0,Supermarket/Grocery Store,7439009.0,195.43,53,25392.5,1
2016,NonResidential,Small- and Mid-Sized Office,47.54103,-122.33766,1.0,85126,0,Office,37951708.0,166.13,87,21281.5,1
2016,NonResidential,Other,47.70911,-122.32529,1.0,303255,19820,Parking,11077140.0,99.14,16,47239.166666666664,4
2016,NonResidential,Distribution Center,47.56613,-122.33838,1.0,411584,0,Distribution Center,15091579.0,455.39,30,205792.0,3
2016,NonResidential,Mixed Use Property,47.59937,-122.33116,1.0,73320,0,Non-Refrigerated Warehouse,1141189.75,29.16,114,14664.0,3
2016,NonResidential,Large Office,47.6252,-122.36737,1.0,242686,100176,Office,9683979.0,67.51,8,28502.0,2
2016,NonResidential,Small- and Mid-Sized Office,47.5992,-122.33223,1.0,95760,15840,Office,5392617.5,74.45,116,11417.142857142857,1
2016,NonResidential,Warehouse,47.56733,-122.3352,1.0,179413,0,Non-Refrigerated Warehouse,3459543.0,24.12,70,89706.5,1
2016,NonResidential,Warehouse,47.57513,-122.33739,0.0,65288,0,Non-Refrigerated Warehouse,605971.1875,4.22,99,32644.0,4
2016,NonResidential,Warehouse,47.5725,-122.3571,1.0,170632,0,Non-Refrigerated Warehouse,602245.0,4.2,50,85316.0,2
2016,NonResidential,Large Office,47.63264,-122.34171,1.0,381511,0,Office,11410228.0,106.12,22,34682.818181818184,2
2016,NonResidential,Large Office,47.60214,-122.32726,1.0,413264,138098,Office,13631141.0,95.03,7,15287.0,2
2016,NonResidential,Mixed Use Property,47.6586,-122.3124,1.0,122400,54300,Office,4865551.5,79.39,7,9728.57142857143,4
2016,NonResidential,Retail Store,47.66246,-122.29898,1.0,93803,0,Retail Store,5453438.5,110.41,60,31267.666666666668,4
2016,NonResidential,Warehouse,47.51304,-122.28394,1.0,123000,0,Non-Refrigerated Warehouse,3004271.0,20.94,50,41000.0,2
2016,NonResidential,Medical Office,47.6056366,-122.3214798,1.0,275130,112980,Medical Office,9941308.0,69.3,13,27025.0,1
2016,NonResidential,Warehouse,47.51168,-122.28285,1.0,60448,0,Non-Refrigerated Warehouse,1052244.75,27.24,38,30224.0,2
2016,NonResidential,Other,47.61915,-122.35871,3.0,62600,0,Other,11147342.0,406.04,88,12520.0,1
2016,NonResidential,Mixed Use Property,47.60453796,-122.3203278,1.0,77412,21612,Other,2655387.5,20.85,12,11160.0,3
2016,NonResidential,Medical Office,47.60796711,-122.3195445,1.0,289419,159157,Medical Office,12731388.0,133.5,26,21710.333333333332,2
2016,NonResidential,Other,47.6993,-122.32378,1.0,90266,0,Financial Office,7771933.5,54.18,29,15044.333333333334,1
2016,NonResidential,Warehouse,47.6582,-122.36434,1.0,87332,6458,Non-Refrigerated Warehouse,1165598.875,14.49,12,16174.8,1
2016,NonResidential,Hotel,47.61210727,-122.3205972,1.0,150545,50017,Hotel,13410041.0,453.76,13,14361.142857142857,2
2016,NonResidential,Other,47.62147,-122.34817,1.0,141718,0,Other - Entertainment/Public Assembly,19085174.0,341.23,17,23619.666666666668,2
2016,NonResidential,Hotel,47.62562,-122.35121,1.0,111856,21273,Hotel,9444484.0,278.97,8,15097.166666666666,4
2016,NonResidential,Warehouse,47.61818,-122.31728,1.0,132828,0,Non-Refrigerated Warehouse,1083729.625,7.56,28,26565.6,1
2016,NonResidential,Warehouse,47.53935,-122.34402,1.0,70400,0,Non-Refrigerated Warehouse,13962749.0,284.01,46,35200.0,2
2016,NonResidential,Retail Store,47.71417,-122.34256,1.0,101830,0,Retail Store,10713006.0,295.12,21,50915.0,1
2016,NonResidential,University,47.5997,-122.30364,2.0,114000,0,College/University,7575080.0,109.71,42,22800.0,1
2016,SPS-District K-12,Other,47.5805,-122.33032,1.0,338063,0,Other,20675922.0,259.49,14,84515.75,9
2016,NonResidential,Warehouse,47.57311,-122.3601,1.0,152365,0,Non-Refrigerated Warehouse,1069749.75,13.07,51,76182.5,2
2016,NonResidential,Medical Office,47.60705,-122.30966,1.0,320946,0,Medical Office,25471308.0,189.85,106,45849.42857142857,2
2016,NonResidential,Retail Store,47.54862,-122.32272,1.0,74178,0,Retail Store,5402181.0,134.82,58,37089.0,1
2016,NonResidential,Warehouse,47.70799,-122.30185,1.0,80360,0,Non-Refrigerated Warehouse,686019.1875,16.27,29,16072.0,1
2016,NonResidential,Supermarket / Grocery Store,47.61318,-122.32122,1.0,119190,0,Supermarket/Grocery Store,10077532.0,267.0,20,29797.5,1
2016,NonResidential,Other,47.59394,-122.32452,1.0,51856,0,Automobile Dealership,1938613.125,13.51,8,17285.333333333332,2
2016,NonResidential,Mixed Use Property,47.58718,-122.33467,1.0,66138,12586,Office,7070998.5,49.29,95,13388.0,4
2016,NonResidential,Large Office,47.66181,-122.31231,1.0,113944,48510,Office,17880184.0,128.73,56,16358.5,1
2016,NonResidential,Worship Facility,47.67738,-122.28996,1.0,22220,0,Worship Facility,778355.8125,31.74,59,7406.666666666667,1
2016,NonResidential,Mixed Use Property,47.54437,-122.30863,1.0,44700,0,Office,2042771.0,30.52,54,22350.0,3
2016,NonResidential,Warehouse,47.54137,-122.33051,1.0,44100,0,Non-Refrigerated Warehouse,1618916.375,11.29,40,22050.0,1
2016,NonResidential,Distribution Center,47.54113,-122.32633,1.0,27800,0,Distribution Center,1224186.25,24.39,51,13900.0,1
2016,NonResidential,Warehouse,47.55436,-122.33631,1.0,46340,0,Non-Refrigerated Warehouse,2564004.0,17.87,15,23170.0,1
2016,Campus,Other,47.54134,-122.30529,3.0,22800,0,Manufacturing/Industrial Plant,2222097.5,101.5,22,11400.0,1
2016,NonResidential,Small- and Mid-Sized Office,47.60191,-122.31438,1.0,38460,0,Office,1950713.25,36.02,106,9615.0,1
2016,NonResidential,Worship Facility,47.68576,-122.35481,1.0,21022,0,Worship Facility,945245.625,43.84,94,7007.333333333333,1
2016,NonResidential,Distribution Center,47.51127,-122.281,1.0,48001,0,Distribution Center,2143650.75,86.46,49,24000.5,1
2016,NonResidential,Warehouse,47.51399,-122.27946,1.0,26380,0,Non-Refrigerated Warehouse,509124.0,3.58,37,13190.0,2
2016,NonResidential,Warehouse,47.51018,-122.28192,1.0,37351,0,Non-Refrigerated Warehouse,2559461.75,77.04,47,18675.5,2
2016,NonResidential,Warehouse,47.51127,-122.281,1.0,30375,0,Non-Refrigerated Warehouse,345866.6875,2.41,35,15187.5,1
2016,NonResidential,Warehouse,47.51104,-122.28245,1.0,30004,0,Non-Refrigerated Warehouse,369291.5,2.57,37,15002.0,2
2016,NonResidential,Other,47.68541,-122.27097,1.0,39971,0,Other,10960107.0,416.07,88,9992.75,4
2016,NonResidential,Worship Facility,47.68164,-122.3753,1.0,33589,0,Worship Facility,509836.1875,21.93,102,11196.333333333334,1
2016,NonResidential,Small- and Mid-Sized Office,47.66587,-122.38476,1.0,43500,0,Office,3220635.25,22.65,37,10875.0,1
2016,NonResidential,Small- and Mid-Sized Office,47.67528,-122.40836,1.0,28492,0,Office,1896298.875,37.78,38,9497.333333333334,1
2016,NonResidential,Small- and Mid-Sized Office,47.6744,-122.40735,1.0,22325,0,Office,1401315.875,9.77,53,5581.25,6
2016,NonResidential,Restaurant,47.67398,-122.40765,1.0,22719,0,Restaurant,1358519.0,9.47,39,5679.75,2
2016,NonResidential,Laboratory,47.61597,-122.33086,1.0,44588,22000,Laboratory,7251589.0,50.55,70,7529.333333333333,1
2016,NonResidential,Retail Store,47.59692,-122.31543,1.0,147545,0,Retail Store,6787070.0,169.75,99,49181.666666666664,1
2016,Nonresidential COS,Other,47.68339,-122.31947,1.0,21462,0,Other,1114384.625,7.77,93,7154.0,2
2016,NonResidential,Other,47.67713,-122.35398,1.0,28072,0,Social/Meeting Hall,1362523.0,63.48,99,9357.333333333334,1
2016,NonResidential,Restaurant,47.61468,-122.34925,1.0,31020,0,Restaurant,4970047.0,207.6,61,10340.0,1
2016,NonResidential,Small- and Mid-Sized Office,47.61402,-122.35016,1.0,21600,0,Office,1636649.125,29.62,99,7200.0,2
2016,NonResidential,Small- and Mid-Sized Office,47.6158,-122.35126,1.0,61825,13320,Office,4322873.0,141.2,42,8084.166666666667,2
2016,NonResidential,Small- and Mid-Sized Office,47.61683,-122.35176,1.0,64630,0,Office,1408291.375,9.82,74,16157.5,1
2016,NonResidential,Worship Facility,47.61636,-122.35094,1.0,20920,0,Worship Facility,1042108.5,42.19,68,6973.333333333333,1
2016,NonResidential,Worship Facility,47.57384,-122.41182,1.0,22128,0,Worship Facility,608359.6875,25.24,90,7376.0,1
2016,NonResidential,Retail Store,47.72736,-122.34579,1.0,48139,0,Retail Store,859236.625,24.02,48,24069.5,1
2016,NonResidential,Worship Facility,47.56633,-122.38725,1.0,21364,0,Worship Facility,965651.125,43.8,67,7121.333333333333,2
2016,NonResidential,University,47.61741,-122.33491,1.0,28923,0,College/University,439311.9063,15.27,24,9641.0,1
2016,NonResidential,University,47.61789,-122.33573,1.0,21600,0,College/University,323739.4063,6.33,88,5400.0,1
2016,NonResidential,Retail Store,47.6646,-122.29932,1.0,25735,0,Retail Store,1169394.875,18.1,20,12867.5,1
2016,NonResidential,Retail Store,47.66246,-122.29898,1.0,25862,0,Retail Store,4801472.0,154.17,60,8620.666666666666,2
2016,NonResidential,Retail Store,47.66246,-122.29898,1.0,49965,0,Retail Store,3377209.75,29.54,13,16655.0,2
2016,NonResidential,Small- and Mid-Sized Office,47.6026,-122.33232,1.0,20028,0,Office,511797.4063,14.22,87,6676.0,1
2016,NonResidential,Small- and Mid-Sized Office,47.60247,-122.33372,1.0,23622,0,Office,552007.5,9.95,116,2952.75,2
2016,NonResidential,Small- and Mid-Sized Office,47.60237,-122.33365,1.0,23563,0,Office,883197.6875,6.16,114,5890.75,2
2016,NonResidential,Mixed Use Property,47.60284,-122.33407,1.0,28600,0,Office,1062722.625,24.25,113,7150.0,3
2016,NonResidential,Mixed Use Property,47.60427,-122.33385,1.0,38539,12379,Retail Store,2186018.5,15.24,38,8720.0,3
2016,NonResidential,Small- and Mid-Sized Office,47.60427,-122.33385,1.0,26840,0,Office,1989287.0,13.87,110,4473.333333333333,1
2016,NonResidential,Retail Store,47.60427,-122.33385,1.0,46800,0,Retail Store,1245187.5,8.68,110,15600.0,2
2016,NonResidential,Small- and Mid-Sized Office,47.60431,-122.33335,1.0,63990,26640,Office,2067352.5,14.63,37,9337.5,2
2016,NonResidential,Small- and Mid-Sized Office,47.61285,-122.34817,1.0,28800,0,Office,1345025.75,28.81,108,7200.0,3
2016,NonResidential,Small- and Mid-Sized Office,47.6172,-122.34979,1.0,33552,4968,Office,1696978.75,60.43,62,7146.0,2
2016,NonResidential,Retail Store,47.61652,-122.34854,1.0,26270,0,Retail Store,1560461.75,33.78,85,8756.666666666666,1
2016,NonResidential,Small- and Mid-Sized Office,47.61595,-122.34756,1.0,57620,7820,Office,2385395.0,16.63,90,12450.0,2
2016,NonResidential,Mixed Use Property,47.61543,-122.34651,1.0,28696,6080,Other,418348.5,2.92,62,7538.666666666667,3
2016,NonResidential,Hotel,47.61471,-122.34525,1.0,57800,0,Hotel,2443065.25,66.29,26,9633.333333333334,1
2016,NonResidential,Other,47.61319,-122.33695,1.0,31890,0,Financial Office,1858224.625,12.95,61,10630.0,1
2016,NonResidential,Small- and Mid-Sized Office,47.61267,-122.33852,1.0,44098,13660,Office,1441900.5,41.69,91,10146.0,2
2016,NonResidential,Restaurant,47.61332,-122.33904,1.0,22381,0,Restaurant,3532966.5,126.78,93,5595.25,1
2016,NonResidential,Retail Store,47.61812,-122.35509,1.0,24825,1263,Retail Store,439521.0938,11.14,91,11781.0,2
2016,NonResidential,Medical Office,47.6146,-122.34217,1.0,26670,0,Medical Office,1553208.375,10.83,64,5334.0,1
2016,Nonresidential COS,Other,47.61607,-122.34449,1.0,37740,0,Fire Station,3095882.0,86.02,94,12580.0,1
2016,NonResidential,Small- and Mid-Sized Office,47.61768,-122.34139,1.0,23752,0,Office,1067153.75,30.33,51,11876.0,3
2016,NonResidential,Hotel,47.61822,-122.34132,1.0,44416,0,Hotel,2669564.25,72.78,49,8883.2,1
2016,NonResidential,Mixed Use Property,47.61634,-122.35385,1.0,33792,22867,Social/Meeting Hall,2547848.0,30.6,10,3641.6666666666665,4
2016,NonResidential,Worship Facility,47.66476,-122.35248,1.0,45991,0,Worship Facility,1145535.75,36.43,88,15330.333333333334,1
2016,NonResidential,Residence Hall,47.66282,-122.305,1.0,21499,0,Residence Hall/Dormitory,605130.6875,4.22,95,5374.75,1
2016,NonResidential,Small- and Mid-Sized Office,47.66461,-122.30142,1.0,20384,0,Office,1791071.375,13.91,27,6794.666666666667,1
2016,NonResidential,Retail Store,47.66246,-122.29898,1.0,39265,0,Retail Store,5238803.0,47.12,60,13088.333333333334,4
2016,NonResidential,Retail Store,47.66246,-122.29898,1.0,54284,0,Retail Store,6778694.0,63.61,60,18094.666666666668,2
2016,NonResidential,Retail Store,47.66246,-122.29898,1.0,23409,0,Retail Store,2545405.0,28.41,60,11704.5,2
2016,NonResidential,Retail Store,47.66246,-122.29898,1.0,63153,0,Retail Store,4644178.0,47.66,19,31576.5,3
2016,NonResidential,Hotel,47.66355,-122.30123,2.0,24100,0,Hotel,1587454.75,46.57,55,8033.333333333333,1
2016,NonResidential,Restaurant,47.61521,-122.33747,1.0,33600,0,Restaurant,4475650.0,101.99,93,8400.0,2
2016,NonResidential,Other,47.61362,-122.33959,1.0,32356,0,Financial Office,1857154.75,74.92,89,6471.2,2
2016,NonResidential,Hotel,47.61798,-122.33974,1.0,61180,12960,Hotel,3993913.25,126.3,56,6027.5,1
2016,NonResidential,Small- and Mid-Sized Office,47.61524,-122.33519,1.0,43506,11250,Office,3460275.5,99.15,38,5376.0,2
2016,NonResidential,Worship Facility,47.67572,-122.3285,1.0,23931,0,Worship Facility,496477.3125,18.66,106,7977.0,1
2016,NonResidential,Worship Facility,47.67491,-122.33316,1.0,21393,0,Worship Facility,845961.375,32.64,68,7131.0,1
2016,NonResidential,Mixed Use Property,47.57256,-122.29265,1.0,47560,0,Distribution Center,1132489.625,33.23,26,15853.333333333334,3
2016,NonResidential,Senior Care Community,47.60897,-122.32507,1.0,62334,0,Senior Care Community,1076733.25,34.98,10,8904.857142857143,3
2016,NonResidential,Residence Hall,47.66159,-122.30441,1.0,20960,0,Residence Hall/Dormitory,1500309.75,64.51,86,5240.0,1
2016,NonResidential,University,47.61679,-122.33619,1.0,28800,0,College/University,717056.375,8.45,106,7200.0,1
2016,NonResidential,K-12 School,47.61718,-122.33654,1.0,21600,0,K-12 School,1261536.75,38.87,59,7200.0,1
2016,NonResidential,K-12 School,47.61687,-122.33533,1.0,22860,0,K-12 School,931148.625,6.49,21,5715.0,1
2016,NonResidential,Worship Facility,47.66516,-122.2738,1.0,26366,0,Worship Facility,888031.875,32.22,44,13183.0,2
2016,NonResidential,Worship Facility,47.54362,-122.2667,1.0,21732,0,Worship Facility,860364.1875,23.59,51,7244.0,1
2016,NonResidential,Mixed Use Property,47.66835,-122.38886,1.0,21060,0,Non-Refrigerated Warehouse,350264.5938,6.69,71,10530.0,4
2016,NonResidential,Mixed Use Property,47.6684,-122.38788,1.0,20539,0,Retail Store,1678458.75,37.31,56,4107.8,5
2016,NonResidential,Retail Store,47.66033,-122.31348,1.0,32960,0,Retail Store,813641.0,5.67,116,8240.0,1
2016,NonResidential,Other,47.66097,-122.3139,1.0,29636,0,Other - Entertainment/Public Assembly,688641.8125,4.8,95,7409.0,2
2016,NonResidential,Hotel,47.66023,-122.31581,1.0,20571,0,Hotel,716279.6875,4.99,86,5142.75,1
2016,NonResidential,Worship Facility,47.65926,-122.31241,1.0,47992,0,Worship Facility,3040195.5,118.37,90,15997.333333333334,2
2016,NonResidential,Residence Hall,47.65711,-122.31409,1.0,28572,0,Residence Hall/Dormitory,2717863.25,89.57,23,7143.0,2
2016,NonResidential,Residence Hall,47.60817,-122.32654,0.0,115775,31535,Residence Hall/Dormitory,2882489.75,20.09,34,5265.0,2
2016,NonResidential,Worship Facility,47.68752,-122.29852,1.0,31386,0,Worship Facility,1128179.125,27.14,16,10462.0,1
2016,Campus,K-12 School,47.687,-122.30013,5.0,21500,0,K-12 School,6689184.0,202.65,27,5375.0,1
2016,NonResidential,Small- and Mid-Sized Office,47.64834,-122.33188,1.0,84116,26497,Office,2641681.75,20.08,4,19206.333333333332,1
2016,NonResidential,Hotel,47.61345,-122.34068,1.0,104000,0,Hotel,8690648.0,355.8,91,10400.0,2
2016,NonResidential,Senior Care Community,47.57188,-122.29531,1.0,78374,0,Senior Care Community,3321035.75,23.15,35,19593.5,2
2016,NonResidential,Mixed Use Property,47.65742,-122.36736,1.0,38784,0,Non-Refrigerated Warehouse,1841154.25,26.11,9,12928.0,2
2016,NonResidential,Other,47.57383,-122.33046,1.0,41790,0,Social/Meeting Hall,2177075.0,33.37,47,13930.0,2
2016,NonResidential,Small- and Mid-Sized Office,47.60542,-122.3364,1.0,39960,0,Office,2178690.5,49.98,116,6660.0,2
2016,NonResidential,Warehouse,47.60528,-122.33627,1.0,33300,0,Non-Refrigerated Warehouse,90558.70313,0.63,116,5550.0,2
2016,NonResidential,Hotel,47.60721,-122.33451,1.0,36240,0,Hotel,2147968.25,120.91,90,3020.0,1
2016,NonResidential,Other,47.60781,-122.33186,1.0,39320,6960,Social/Meeting Hall,3042875.5,145.48,94,8090.0,1
2016,NonResidential,Other,47.60547,-122.33118,1.0,41536,0,Performing Arts,2735166.0,19.07,108,6922.666666666667,1
2016,NonResidential,Hotel,47.60223,-122.32889,1.0,35820,0,Hotel,3321603.0,130.58,107,5117.142857142857,1
2016,NonResidential,K-12 School,47.56542,-122.38502,1.0,33462,0,K-12 School,3987215.5,185.23,94,11154.0,1
2016,NonResidential,K-12 School,47.56504,-122.38455,1.0,49744,0,K-12 School,2096835.5,89.29,51,12436.0,1
2016,NonResidential,Worship Facility,47.56342,-122.38509,1.0,37816,0,Worship Facility,1411305.5,43.45,93,12605.333333333334,2
2016,NonResidential,Mixed Use Property,47.5622,-122.38648,0.0,23315,0,Office,1354000.625,35.04,90,7771.666666666667,3
2016,NonResidential,Mixed Use Property,47.56147,-122.38638,1.0,20700,0,Non-Refrigerated Warehouse,4265815.0,188.67,86,6900.0,4
2016,NonResidential,Other,47.56263,-122.38196,1.0,41521,13124,Other - Recreation,3343550.0,100.21,68,14198.5,3
2016,NonResidential,Supermarket / Grocery Store,47.56197,-122.38109,1.0,25762,0,Supermarket/Grocery Store,1906384.875,13.29,70,8587.333333333334,1
2016,NonResidential,Other,47.56245,-122.37805,1.0,33334,0,Fitness Center/Health Club/Gym,6118300.5,210.3,32,16667.0,2
2016,NonResidential,Small- and Mid-Sized Office,47.56175,-122.37835,1.0,43387,0,Office,2686765.0,34.15,35,10846.75,1
2016,NonResidential,Mixed Use Property,47.72178,-122.29498,1.0,39350,0,Supermarket/Grocery Store,267135.0938,1.86,37,19675.0,3
2016,NonResidential,Other,47.72032,-122.29507,0.0,22405,0,Other,3498214.75,134.57,67,11202.5,2
2016,SPS-District K-12,Other,47.72606,-122.28747,1.0,32590,0,Other,1361794.25,43.13,3,16295.0,1
2016,NonResidential,Warehouse,47.552,-122.32262,1.0,37500,0,Non-Refrigerated Warehouse,1811506.375,13.16,31,18750.0,1
2016,NonResidential,Medical Office,47.60132,-122.30477,1.0,39000,0,Medical Office,2615247.75,33.92,26,13000.0,1
2016,NonResidential,Other,47.56018,-122.38716,1.0,22180,0,Other - Mall,5089083.0,147.0,92,11090.0,2
2016,NonResidential,Distribution Center,47.58513,-122.30645,1.0,25920,0,Distribution Center,1219744.75,12.48,47,12960.0,3
2016,NonResidential,Refrigerated Warehouse,47.58528,-122.30595,1.0,25480,0,Refrigerated Warehouse,741287.1875,5.17,63,12740.0,1
2016,NonResidential,Warehouse,47.58482,-122.30501,1.0,31000,0,Non-Refrigerated Warehouse,2301043.75,19.93,46,10333.333333333334,1
2016,NonResidential,Small- and Mid-Sized Office,47.58528,-122.305,1.0,29740,0,Office,1467060.25,19.82,55,14870.0,2
2016,NonResidential,Distribution Center,47.58607,-122.30445,1.0,23236,0,Distribution Center,433871.0,13.02,62,11618.0,3
2016,NonResidential,Small- and Mid-Sized Office,47.58579,-122.3034,1.0,38075,0,Office,1921801.25,19.04,7,9518.75,3
2016,NonResidential,Small- and Mid-Sized Office,47.5859,-122.29957,1.0,39170,0,Office,2130673.75,63.06,46,13056.666666666666,1
2016,Nonresidential COS,Other,47.58476,-122.29765,0.0,36070,0,Other - Recreation,1441665.375,10.05,39,18035.0,1
2016,NonResidential,Other,47.56979,-122.29234,1.0,20047,0,Other - Services,117438.3984,0.82,53,6682.333333333333,1
2016,NonResidential,Retail Store,47.57403,-122.3336,1.0,20000,0,Retail Store,557863.6875,3.89,102,10000.0,1
2016,NonResidential,Warehouse,47.5741,-122.32541,1.0,32400,0,Non-Refrigerated Warehouse,248616.0,1.73,61,10800.0,1
2016,NonResidential,Supermarket / Grocery Store,47.63776,-122.35606,1.0,25159,0,Supermarket/Grocery Store,8905287.0,247.85,54,12579.5,2
2016,Nonresidential COS,Other,47.63629,-122.35922,1.0,27247,0,Other - Recreation,2332996.5,83.1,68,13623.5,4
2016,NonResidential,Distribution Center,47.56489,-122.3409,1.0,26680,0,Distribution Center,243518.2031,1.7,61,13340.0,1
2016,NonResidential,Warehouse,47.56447,-122.35335,1.0,31521,0,Non-Refrigerated Warehouse,1788148.0,61.71,63,15760.5,1
2016,NonResidential,Warehouse,47.56982,-122.33479,1.0,24000,0,Non-Refrigerated Warehouse,1257033.5,46.64,65,12000.0,2
2016,NonResidential,Self-Storage Facility,47.56487,-122.34181,1.0,21900,0,Self-Storage Facility,1333637.625,65.65,64,10950.0,1
2016,NonResidential,Warehouse,47.56897,-122.33617,1.0,38005,0,Non-Refrigerated Warehouse,752093.625,10.75,55,19002.5,3
2016,NonResidential,Distribution Center,47.5678,-122.33622,1.0,35579,0,Distribution Center,1096646.25,39.05,18,17789.5,1
2016,NonResidential,Distribution Center,47.57382,-122.32672,1.0,49950,0,Distribution Center,238969.7031,1.67,41,24975.0,1
2016,NonResidential,Worship Facility,47.63927,-122.4032,1.0,22612,0,Worship Facility,731321.8125,31.6,69,7537.333333333333,1
2016,NonResidential,Other,47.72599,-122.29314,1.0,38787,0,Automobile Dealership,3204685.5,67.52,40,12929.0,2
2016,NonResidential,Self-Storage Facility,47.72356,-122.29378,2.0,50368,0,Self-Storage Facility,753275.1875,28.58,28,16789.333333333332,1
2016,NonResidential,Warehouse,47.55302,-122.33605,1.0,30545,0,Non-Refrigerated Warehouse,1577040.875,61.53,78,15272.5,2
2016,NonResidential,K-12 School,47.63111,-122.35814,1.0,32691,0,K-12 School,971990.3125,29.82,94,8172.75,1
2016,NonResidential,Worship Facility,47.63159,-122.35839,1.0,24227,0,Worship Facility,1086678.125,47.59,53,8075.666666666667,1
2016,NonResidential,Distribution Center,47.54365,-122.30785,1.0,27000,0,Distribution Center,651293.3125,18.85,60,13500.0,1
2016,NonResidential,Small- and Mid-Sized Office,47.64243,-122.32618,1.0,21183,0,Office,361542.0938,2.52,59,7061.0,2
2016,NonResidential,Small- and Mid-Sized Office,47.64428,-122.32627,1.0,29392,3834,Office,755618.1875,6.18,55,6389.5,2
2016,NonResidential,Large Office,47.6465,-122.3252,1.0,137738,55504,Office,4704936.5,32.8,31,13705.666666666666,3
2016,NonResidential,Residence Hall,47.65014,-122.34424,1.0,21118,0,Residence Hall/Dormitory,1361427.75,39.5,28,5279.5,1
2016,NonResidential,Large Office,47.64868,-122.34254,1.0,206126,79284,Office,4489661.0,72.26,3,21140.333333333332,4
2016,NonResidential,Small- and Mid-Sized Office,47.64866,-122.34509,1.0,20500,0,Office,1326178.125,11.27,116,6833.333333333333,1
2016,NonResidential,Senior Care Community,47.69875,-122.36725,1.0,34636,31000,Senior Care Community,12148720.0,480.9,50,1212.0,2
2016,NonResidential,Worship Facility,47.67485,-122.29284,1.0,25521,0,Worship Facility,605186.3125,15.47,86,8507.0,1
2016,NonResidential,K-12 School,47.67485,-122.29284,1.0,23190,0,K-12 School,1705515.25,68.14,30,11595.0,1
2016,NonResidential,Small- and Mid-Sized Office,47.68602,-122.35674,1.0,20678,0,Office,770333.0,32.63,56,10339.0,1
2016,NonResidential,K-12 School,47.68642,-122.35707,1.0,28820,0,K-12 School,2595783.5,106.45,94,7205.0,1
2016,NonResidential,Worship Facility,47.51042,-122.26277,1.0,27876,0,Worship Facility,1829981.375,68.97,62,9292.0,1
2016,SPS-District K-12,K-12 School,47.63796,-122.34897,1.0,48789,0,K-12 School,1298307.625,29.41,91,24394.5,1
2016,NonResidential,Senior Care Community,47.55387,-122.27875,1.0,48882,7233,Senior Care Community,6782435.0,235.26,50,13883.0,2
2016,NonResidential,Warehouse,47.55374,-122.32498,1.0,22320,0,Non-Refrigerated Warehouse,439065.9063,3.06,39,11160.0,1
2016,NonResidential,Other,47.55297,-122.32472,1.0,47105,0,Manufacturing/Industrial Plant,10234721.0,348.22,40,23552.5,1
2016,NonResidential,Small- and Mid-Sized Office,47.55316,-122.32616,1.0,40029,0,Office,1471914.25,10.26,34,13343.0,2
2016,NonResidential,Small- and Mid-Sized Office,47.55196,-122.32518,1.0,28304,0,Office,1269367.5,8.85,46,9434.666666666666,1
2016,NonResidential,Other,47.55168,-122.32459,1.0,26400,0,Other - Recreation,452612.5,3.16,46,13200.0,2
2016,NonResidential,Warehouse,47.55049,-122.32382,1.0,27680,0,Non-Refrigerated Warehouse,1778431.75,64.81,48,13840.0,2
2016,NonResidential,Small- and Mid-Sized Office,47.55145,-122.32635,1.0,25872,0,Office,1787119.0,45.79,47,8624.0,2
2016,NonResidential,Small- and Mid-Sized Office,47.55127,-122.32576,1.0,25872,0,Office,2399353.5,81.96,47,8624.0,1
2016,NonResidential,Warehouse,47.55127,-122.32576,1.0,20500,0,Non-Refrigerated Warehouse,222600.0938,1.55,47,10250.0,1
2016,NonResidential,Small- and Mid-Sized Office,47.6557,-122.34682,1.0,21436,0,Office,534703.6875,3.73,58,7145.333333333333,1
2016,NonResidential,Mixed Use Property,47.65205,-122.3218,1.0,20233,0,Office,630250.125,18.16,18,10116.5,3
2016,NonResidential,Small- and Mid-Sized Office,47.65178,-122.351,1.0,39926,12400,Office,1010967.688,14.49,10,5505.2,4
2016,NonResidential,Small- and Mid-Sized Office,47.64904,-122.34609,1.0,31417,8110,Office,1126157.25,28.09,31,5826.75,2
2016,NonResidential,Self-Storage Facility,47.61179,-122.3404,1.0,46580,0,Self-Storage Facility,710275.375,4.95,88,6654.285714285715,1
2016,NonResidential,Retail Store,47.61165,-122.34011,1.0,25920,0,Retail Store,478690.0938,3.34,100,8640.0,1
2016,NonResidential,Retail Store,47.61236,-122.34144,1.0,25920,0,Retail Store,1011667.5,13.71,97,8640.0,1
2016,NonResidential,Small- and Mid-Sized Office,47.61297,-122.34324,1.0,25920,0,Office,1793851.375,46.48,97,8640.0,1
2016,NonResidential,Small- and Mid-Sized Office,47.61098,-122.32766,1.0,39760,0,Office,2478960.0,149.91,91,7952.0,1
2016,NonResidential,Other,47.61109,-122.32721,1.0,30971,0,Other,2823184.0,94.85,96,7742.75,1
2016,NonResidential,Small- and Mid-Sized Office,47.61063,-122.32741,1.0,22667,0,Office,3767135.0,148.55,70,5666.75,1
2016,NonResidential,Warehouse,47.64965,-122.34913,1.0,33840,0,Non-Refrigerated Warehouse,2227638.25,60.88,89,11280.0,3
2016,NonResidential,Mixed Use Property,47.6502,-122.34959,5.0,41827,9226,Multifamily Housing,4193371.0,110.17,15,8150.25,5
2016,NonResidential,Small- and Mid-Sized Office,47.65114,-122.34954,1.0,33740,6010,Office,1291405.25,9.0,15,4621.666666666667,3
2016,NonResidential,Retail Store,47.65115,-122.35024,1.0,20516,0,Retail Store,1021796.625,42.04,105,6838.666666666667,2
2016,NonResidential,Retail Store,47.65019,-122.35013,1.0,27480,0,Retail Store,1215156.25,8.47,110,6870.0,2
2016,NonResidential,Mixed Use Property,47.65061,-122.35159,1.0,46958,0,Office,1818867.875,30.32,69,23479.0,4
2016,NonResidential,Distribution Center,47.65214,-122.356,1.0,26532,0,Distribution Center,1934224.25,66.53,32,13266.0,1
2016,NonResidential,Small- and Mid-Sized Office,47.65186,-122.35531,1.0,22388,0,Office,576405.125,9.46,35,7462.666666666667,2
2016,NonResidential,Other,47.65138,-122.35565,1.0,30730,0,Other,3050455.25,73.52,47,15365.0,1
2016,NonResidential,Small- and Mid-Sized Office,47.65297,-122.35839,1.0,35600,0,Office,2173143.75,18.34,30,11866.666666666666,2
2016,NonResidential,Worship Facility,47.64905,-122.36055,1.0,62000,0,Worship Facility,1799664.125,82.34,67,15500.0,2
2016,NonResidential,Small- and Mid-Sized Office,47.64805,-122.35534,1.0,23600,0,Office,776248.6875,5.41,35,7866.666666666667,1
2016,NonResidential,Small- and Mid-Sized Office,47.64976,-122.35684,1.0,40067,0,Office,2303732.75,16.06,30,10016.75,1
2016,NonResidential,Small- and Mid-Sized Office,47.64976,-122.35684,1.0,26419,6922,Office,1074989.0,7.49,27,4874.25,1
2016,NonResidential,Small- and Mid-Sized Office,47.64976,-122.35684,1.0,25262,0,Office,1469556.25,23.85,37,6315.5,1
2016,NonResidential,Other,47.64975,-122.35289,0.0,53103,0,Other,4877959.0,38.12,20,13275.75,1
2016,NonResidential,Small- and Mid-Sized Office,47.64901,-122.35516,1.0,34106,0,Office,1619177.125,11.29,36,8526.5,1
2016,NonResidential,Small- and Mid-Sized Office,47.64934,-122.35592,1.0,34545,0,Office,2313978.75,16.13,36,8636.25,1
2016,NonResidential,Small- and Mid-Sized Office,47.64865,-122.35435,1.0,70296,0,Office,2782066.5,19.39,36,17574.0,1
2016,NonResidential,Small- and Mid-Sized Office,47.59979,-122.33339,1.0,27838,0,Office,1217509.125,8.49,114,5567.6,1
2016,NonResidential,Distribution Center,47.55105,-122.34695,2.0,28368,0,Distribution Center,1856230.625,30.02,45,9456.0,2
2016,NonResidential,Other,47.72471,-122.3412,1.0,92080,0,Other,5155090.5,127.1,52,30693.333333333332,1
2016,NonResidential,Other,47.72288,-122.34065,1.0,20236,0,Other - Recreation,1965182.25,49.58,55,10118.0,1
2016,NonResidential,Small- and Mid-Sized Office,47.72004,-122.34418,1.0,39815,0,Office,2050600.75,40.22,65,13271.666666666666,2
2016,Nonresidential COS,Other,47.72299,-122.34293,1.0,25557,0,Residential Care Facility,2280352.5,15.9,46,5111.4,1
2016,Nonresidential COS,Other,47.72134,-122.34102,1.0,26994,0,Other - Services,3076813.25,122.73,58,8998.0,2
2016,NonResidential,Warehouse,47.72183,-122.34328,1.0,48112,0,Non-Refrigerated Warehouse,1485945.875,10.36,44,24056.0,1
2016,NonResidential,Other,47.72065,-122.34318,1.0,20909,0,Other - Public Services,1208029.25,32.86,7,10454.5,2
2016,NonResidential,Small- and Mid-Sized Office,47.73387,-122.34722,1.0,42793,16518,Office,1772188.5,12.35,15,8758.333333333334,2
2016,NonResidential,Other,47.72644,-122.34338,1.0,45000,0,Other - Recreation,5912066.0,176.79,9,15000.0,1
2016,NonResidential,Retail Store,47.72337,-122.34373,1.0,26115,0,Retail Store,1689372.625,36.74,18,13057.5,1
2016,NonResidential,Worship Facility,47.6702,-122.32066,1.0,26033,0,Worship Facility,1149140.25,45.33,67,13016.5,2
2016,NonResidential,K-12 School,47.64344,-122.3509,1.0,48660,0,K-12 School,1881516.125,61.98,9,9732.0,1
2016,NonResidential,Senior Care Community,47.6441,-122.34795,1.0,46539,0,Senior Care Community,5400049.5,180.38,46,15513.0,1
2016,NonResidential,Residence Hall,47.61283,-122.34392,1.0,29796,0,Residence Hall/Dormitory,2233262.0,79.58,107,5959.2,1
2016,NonResidential,Retail Store,47.6123,-122.34395,1.0,26400,0,Retail Store,983595.875,17.12,96,8800.0,3
2016,NonResidential,Small- and Mid-Sized Office,47.61185,-122.3434,1.0,38148,0,Office,1262255.75,8.8,98,9537.0,2
2016,NonResidential,Mixed Use Property,47.62231,-122.34145,1.0,28800,0,Non-Refrigerated Warehouse,456953.0,12.77,88,9600.0,2
2016,NonResidential,Worship Facility,47.62232,-122.36101,1.0,31945,0,Worship Facility,1806468.0,12.59,61,5324.166666666667,2
2016,NonResidential,Small- and Mid-Sized Office,47.6189,-122.35713,1.0,85963,33055,Office,4480961.0,31.24,31,8818.0,2
2016,NonResidential,Retail Store,47.60683,-122.33771,1.0,34680,0,Retail Store,1169948.875,26.38,116,6936.0,1
2016,NonResidential,Worship Facility,47.60867,-122.33265,1.0,75058,34510,Worship Facility,5587347.0,247.97,48,10137.0,1
2016,NonResidential,Retail Store,47.61103,-122.33549,1.0,36504,0,Retail Store,2100982.75,20.76,101,18252.0,1
2016,NonResidential,Small- and Mid-Sized Office,47.61091,-122.33667,1.0,35200,0,Office,2998208.25,20.9,109,5028.571428571428,1
2016,NonResidential,Small- and Mid-Sized Office,47.60961,-122.33566,1.0,35840,0,Office,1538750.625,48.35,109,5973.333333333333,1
2016,NonResidential,Other,47.60985,-122.33527,1.0,25920,0,Bank Branch,1333432.125,9.3,75,8640.0,1
2016,NonResidential,Small- and Mid-Sized Office,47.60952,-122.33558,1.0,30525,0,Office,2883139.0,73.61,88,6105.0,2
2016,NonResidential,Other,47.61186,-122.32857,1.0,49243,0,Other/Specialty Hospital,8476183.0,101.34,52,9848.6,1
2016,NonResidential,Other,47.6097,-122.325,0.0,20411,0,Social/Meeting Hall,2014475.875,71.23,104,5102.75,1
2016,NonResidential,Medical Office,47.61065,-122.32125,1.0,30855,10285,Medical Office,2946756.25,85.55,54,6856.666666666667,1
2016,NonResidential,Small- and Mid-Sized Office,47.61194,-122.32177,1.0,73549,0,Office,2828950.5,107.45,106,18387.25,2
2016,NonResidential,Other,47.60865694,-122.3205368,1.0,45780,11400,Other - Education,10834087.0,462.4,28,5730.0,2
2016,NonResidential,Medical Office,47.60865416,-122.3205904,0.0,39115,0,Medical Office,3735308.5,60.04,53,9778.75,1
2016,NonResidential,Other,47.60901,-122.32994,1.0,38038,0,Other - Entertainment/Public Assembly,1107290.625,55.61,100,9509.5,3
2016,NonResidential,Worship Facility,47.60821,-122.3296,1.0,37796,0,Worship Facility,2465983.5,123.41,54,9449.0,2
2016,Nonresidential COS,Small- and Mid-Sized Office,47.66256,-122.36483,1.0,27744,0,Office,5355753.0,37.34,23,13872.0,3
2016,NonResidential,Warehouse,47.66388,-122.36831,1.0,36444,0,Non-Refrigerated Warehouse,161311.0938,1.12,56,18222.0,1
2016,NonResidential,Warehouse,47.65907,-122.36783,1.0,27553,0,Non-Refrigerated Warehouse,966677.125,31.61,66,13776.5,1
2016,NonResidential,Distribution Center,47.6583,-122.36638,3.0,57310,0,Distribution Center,1253745.5,34.87,65,28655.0,1
2016,NonResidential,Mixed Use Property,47.62296,-122.33884,1.0,25920,0,Office,989079.5,16.57,96,8640.0,5
2016,NonResidential,Restaurant,47.62354,-122.33808,1.0,40686,0,Restaurant,2106073.5,73.0,97,10171.5,1
2016,NonResidential,Retail Store,47.62399,-122.33804,1.0,45271,0,Retail Store,2553763.5,82.72,52,15090.333333333334,1
2016,NonResidential,Small- and Mid-Sized Office,47.62437,-122.33802,1.0,28380,12180,Office,1372213.375,35.77,96,4050.0,1
2016,NonResidential,Large Office,47.62296,-122.3362,1.0,508160,0,Office,28053172.0,487.53,7,84693.33333333333,3
2016,NonResidential,Small- and Mid-Sized Office,47.62353,-122.33622,1.0,26176,0,Office,966907.375,32.09,90,6544.0,1
2016,NonResidential,Small- and Mid-Sized Office,47.62799,-122.33132,1.0,37740,0,Office,7442314.5,73.48,90,18870.0,2
2016,Nonresidential COS,Other,47.62208,-122.35398,1.0,26000,0,Other,5277482.5,184.09,55,13000.0,1
2016,NonResidential,Worship Facility,47.61876,-122.3534,1.0,23241,0,Worship Facility,739210.5,20.64,7,5810.25,1
2016,NonResidential,Other,47.61974,-122.3511,1.0,155795,0,Other,17673018.0,255.83,54,77897.5,1
2016,Nonresidential COS,Other,47.62208,-122.35398,1.0,21018,0,Other,1761137.5,24.62,14,10509.0,1
2016,Nonresidential COS,Other,47.62208,-122.35398,1.0,30533,0,Museum,5903015.0,192.12,18,15266.5,1
2016,Nonresidential COS,Other,47.62082,-122.35251,1.0,40600,0,Other,2485521.0,41.06,24,13533.333333333334,1
2016,NonResidential,Small- and Mid-Sized Office,47.62055,-122.33881,1.0,38038,0,Office,2003807.75,13.97,17,7607.6,2
2016,NonResidential,Small- and Mid-Sized Office,47.62028,-122.33717,1.0,64596,24596,Office,2524228.25,77.8,9,8000.0,2
2016,NonResidential,Small- and Mid-Sized Office,47.62038,-122.33759,1.0,41466,6062,Office,9190442.0,234.03,88,8851.0,3
2016,NonResidential,Large Office,47.62004,-122.33807,1.0,130710,100800,Office,7429423.0,86.51,3,4272.857142857143,4
2016,NonResidential,Small- and Mid-Sized Office,47.62054,-122.33807,1.0,35780,0,Office,1912760.75,13.33,90,7156.0,3
2016,NonResidential,Mixed Use Property,47.6223,-122.35653,1.0,25132,7308,Office,564754.1875,3.94,52,3564.8,3
2016,Nonresidential COS,Other,47.60192,-122.33282,1.0,49680,0,Other,2844685.0,119.34,50,24840.0,1
2016,Nonresidential COS,Other,47.60219,-122.3313,1.0,36314,0,Other,1832808.75,44.33,54,18157.0,1
2016,NonResidential,Other,47.60849,-122.33924,1.0,25920,0,Other - Entertainment/Public Assembly,1257774.625,8.77,100,8640.0,3
2016,NonResidential,Small- and Mid-Sized Office,47.60994,-122.33997,1.0,47686,0,Office,2071670.25,77.48,97,9537.2,2
2016,Campus,Mixed Use Property,47.60805,-122.33978,1.0,49280,0,Retail Store,5437110.5,98.28,116,16426.666666666668,6
2016,Campus,Restaurant,47.60895,-122.34052,1.0,25380,0,Restaurant,6901554.0,218.79,104,8460.0,3
2016,NonResidential,Small- and Mid-Sized Office,47.60836,-122.34157,1.0,40715,0,Office,2827772.75,44.89,101,5816.428571428572,3
2016,NonResidential,Mixed Use Property,47.61113,-122.34556,1.0,82065,34800,Parking,1717130.875,11.97,26,9453.0,3
2016,NonResidential,Small- and Mid-Sized Office,47.61041,-122.34214,1.0,36160,0,Office,1862176.875,12.98,106,7232.0,1
2016,NonResidential,Mixed Use Property,47.61014,-122.34251,1.0,34617,0,Other - Restaurant/Bar,5136604.5,143.34,98,17308.5,8
2016,NonResidential,Small- and Mid-Sized Office,47.6123,-122.34611,1.0,66900,0,Office,1634178.25,14.13,107,11150.0,1
2016,NonResidential,Mixed Use Property,47.61252,-122.34565,1.0,29340,0,Office,2160420.0,75.99,106,7335.0,3
2016,NonResidential,Other,47.61341,-122.34597,0.0,22710,0,Food Service,287763.5,2.01,86,7570.0,1
2016,NonResidential,Small- and Mid-Sized Office,47.6367,-122.3285,1.0,50499,13540,Office,3205182.5,22.46,16,9239.75,2
2016,NonResidential,Small- and Mid-Sized Office,47.63616,-122.32718,1.0,54465,9605,Office,3600571.25,41.22,52,7476.666666666667,2
2016,NonResidential,K-12 School,47.63239,-122.32072,1.0,45960,0,K-12 School,4167253.75,182.81,86,15320.0,1
2016,NonResidential,Small- and Mid-Sized Office,47.61992,-122.34539,1.0,21128,0,Office,436604.0938,3.04,57,7042.666666666667,1
2016,NonResidential,Mixed Use Property,47.61893,-122.34473,1.0,274442,0,Hotel,9155568.0,220.26,8,54888.4,4
2016,NonResidential,Small- and Mid-Sized Office,47.61952,-122.34462,1.0,51552,0,Office,1539066.375,10.73,3,12888.0,2
2016,NonResidential,Hotel,47.62014,-122.34456,1.0,38520,0,Hotel,2804534.0,75.25,57,7704.0,1
2016,NonResidential,Hotel,47.62174,-122.34417,1.0,29186,4256,Hotel,867184.375,30.22,55,6232.5,1
2016,NonResidential,Worship Facility,47.6201,-122.34071,1.0,27338,0,Worship Facility,581289.0,4.05,56,13669.0,1
2016,NonResidential,Other,47.64132,-122.31644,1.0,85750,65640,Parking,2045592.0,77.76,17,6703.333333333333,2
2016,NonResidential,Laboratory,47.6224,-122.36248,1.0,34416,0,Laboratory,12015936.0,422.45,54,11472.0,3
2016,NonResidential,Small- and Mid-Sized Office,47.61954,-122.35847,1.0,45864,0,Office,2590622.0,115.43,86,11466.0,1
2016,NonResidential,K-12 School,47.72726,-122.32835,1.0,49252,0,K-12 School,3485865.5,104.91,17,16417.333333333332,1
2016,NonResidential,Small- and Mid-Sized Office,47.63245,-122.32529,1.0,33176,0,Office,1426279.5,35.96,29,8294.0,2
2016,NonResidential,Retail Store,47.63246,-122.32658,1.0,25194,3764,Retail Store,1878742.875,55.95,23,5357.5,3
2016,NonResidential,Other,47.64033,-122.29135,1.0,31191,0,Other - Recreation,5876439.0,167.98,89,7797.75,2
2016,NonResidential,Other,47.72039,-122.29729,1.0,37377,0,"Repair Services (Vehicle, Shoe, Locksmith, etc)",3040978.0,111.73,69,18688.5,6
2016,NonResidential,Warehouse,47.53906,-122.32031,1.0,29380,0,Non-Refrigerated Warehouse,856088.625,5.97,39,14690.0,3
2016,NonResidential,Worship Facility,47.60321889,-122.3205567,1.0,22688,0,Worship Facility,331675.0,7.07,94,7562.666666666667,1
2016,NonResidential,Other,47.56028,-122.28914,1.0,22364,0,Adult Education,1467029.75,54.44,54,7454.666666666667,2
2016,NonResidential,Small- and Mid-Sized Office,47.54693,-122.28718,1.0,41262,0,Office,1903455.875,13.27,34,13754.0,1
2016,NonResidential,Small- and Mid-Sized Office,47.62038,-122.34668,1.0,43183,0,Office,7408342.0,92.45,63,14394.333333333334,2
2016,NonResidential,Worship Facility,47.68566,-122.31849,1.0,45680,0,Worship Facility,2077039.375,86.81,108,11420.0,1
2016,NonResidential,Worship Facility,47.53439,-122.37699,1.0,23562,0,Worship Facility,531737.1875,3.71,59,11781.0,2
2016,NonResidential,Small- and Mid-Sized Office,47.65804,-122.36537,1.0,28844,0,Office,910718.6875,6.35,17,5768.8,2
2016,NonResidential,Warehouse,47.56067,-122.32646,1.0,21101,0,Non-Refrigerated Warehouse,675772.875,27.97,27,10550.5,2
2016,NonResidential,Refrigerated Warehouse,47.56067,-122.32705,1.0,45594,0,Refrigerated Warehouse,1351267.875,9.42,102,15198.0,1
2016,NonResidential,Other,47.55013,-122.33044,1.0,26660,0,Manufacturing/Industrial Plant,2241280.5,15.62,66,13330.0,1
2016,NonResidential,Warehouse,47.56056,-122.32593,1.0,28126,0,Non-Refrigerated Warehouse,870625.8125,18.63,41,14063.0,2
2016,NonResidential,Warehouse,47.54813,-122.32553,1.0,35000,0,Non-Refrigerated Warehouse,378714.4063,2.64,52,17500.0,1
2016,NonResidential,Warehouse,47.54948,-122.32536,1.0,26150,0,Non-Refrigerated Warehouse,1208407.625,26.55,54,13075.0,1
2016,NonResidential,Small- and Mid-Sized Office,47.54974,-122.3261,1.0,24000,0,Office,1088556.25,7.59,49,8000.0,1
2016,NonResidential,K-12 School,47.64132,-122.31644,1.0,43594,0,K-12 School,2478045.5,73.26,48,7265.666666666667,1
2016,NonResidential,Distribution Center,47.65791,-122.34274,1.0,28080,0,Distribution Center,794724.625,18.54,104,14040.0,2
2016,NonResidential,Senior Care Community,47.72618,-122.35642,1.0,51298,0,Senior Care Community,5655578.0,203.73,62,17099.333333333332,1
2016,NonResidential,Worship Facility,47.72558,-122.3578,1.0,22047,0,Worship Facility,265774.9063,1.85,54,11023.5,2
2016,NonResidential,Warehouse,47.5213,-122.32182,1.0,31600,0,Non-Refrigerated Warehouse,3363535.5,103.28,37,15800.0,1
2016,NonResidential,Warehouse,47.52024,-122.32137,1.0,35289,0,Non-Refrigerated Warehouse,876425.0,23.9,9,17644.5,1
2016,NonResidential,Warehouse,47.51899,-122.321,1.0,28920,0,Non-Refrigerated Warehouse,1750419.0,80.09,35,14460.0,1
2016,NonResidential,Warehouse,47.5193,-122.3213,1.0,22176,0,Non-Refrigerated Warehouse,736428.625,32.77,38,11088.0,1
2016,NonResidential,Small- and Mid-Sized Office,47.70079,-122.32714,1.0,39927,0,Office,3568419.5,24.88,42,9981.75,2
2016,NonResidential,Other,47.69883,-122.32479,1.0,30610,0,Other - Recreation,4294550.0,135.81,37,15305.0,2
2016,NonResidential,Medical Office,47.70007,-122.32533,1.0,26930,6350,Medical Office,1002995.0,6.99,36,6860.0,1
2016,NonResidential,Medical Office,47.70087,-122.32379,1.0,38745,0,Medical Office,2890379.0,49.62,48,12915.0,2
2016,NonResidential,Self-Storage Facility,47.66353,-122.29505,1.0,20296,0,Self-Storage Facility,855665.125,5.97,57,6765.333333333333,1
2016,NonResidential,Mixed Use Property,47.66246,-122.29342,1.0,22135,0,Medical Office,1261634.5,27.41,71,7378.333333333333,4
2016,NonResidential,Medical Office,47.66183,-122.29264,1.0,38378,0,Medical Office,1645605.125,53.73,49,9594.5,2
2016,NonResidential,Warehouse,47.66294,-122.29521,1.0,33576,0,Non-Refrigerated Warehouse,1275231.75,49.73,36,11192.0,1
2016,NonResidential,Supermarket / Grocery Store,47.66205,-122.29545,1.0,33005,0,Supermarket/Grocery Store,10642754.0,225.67,41,16502.5,2
2016,NonResidential,Other,47.61074,-122.32259,1.0,20971,0,Parking,729397.1875,5.08,35,10485.5,4
2016,NonResidential,Small- and Mid-Sized Office,47.63981,-122.39907,1.0,23910,0,Office,873577.3125,15.11,89,5977.5,2
2016,NonResidential,Worship Facility,47.67477,-122.38241,1.0,21765,0,Worship Facility,431390.4063,17.38,106,7255.0,1
2016,NonResidential,Worship Facility,47.6101,-122.30838,1.0,26560,0,Worship Facility,1751483.875,64.88,115,8853.333333333334,1
2016,NonResidential,Warehouse,47.65022,-122.34174,1.0,20140,0,Non-Refrigerated Warehouse,116486.6016,0.81,59,6713.333333333333,1
2016,NonResidential,Retail Store,47.53846,-122.28305,1.0,38845,0,Retail Store,6917280.0,215.56,24,12948.333333333334,2
2016,NonResidential,Supermarket / Grocery Store,47.53747,-122.28308,1.0,26092,0,Supermarket/Grocery Store,7619445.0,173.75,63,13046.0,2
2016,NonResidential,Small- and Mid-Sized Office,47.55045,-122.32749,1.0,25500,0,Office,1213869.75,55.3,49,12750.0,1
2016,NonResidential,Warehouse,47.5478,-122.32307,1.0,41895,0,Non-Refrigerated Warehouse,1242311.5,25.09,55,20947.5,2
2016,NonResidential,Retail Store,47.54912,-122.32184,1.0,56193,0,Retail Store,2497942.75,46.9,58,18731.0,1
2016,NonResidential,K-12 School,47.6712,-122.37568,1.0,35448,0,K-12 School,1379932.5,60.34,94,8862.0,1
2016,NonResidential,Supermarket / Grocery Store,47.66986,-122.37418,1.0,29214,0,Supermarket/Grocery Store,9336239.0,208.53,50,14607.0,1
2016,NonResidential,Supermarket / Grocery Store,47.66828,-122.37428,1.0,89103,43035,Supermarket/Grocery Store,14029480.0,384.85,16,23034.0,2
2016,NonResidential,Other,47.66621,-122.37502,1.0,32000,0,Other - Recreation,1331122.125,45.38,55,16000.0,2
2016,NonResidential,Mixed Use Property,47.66389,-122.37307,1.0,31140,0,Other,935580.3125,38.86,106,10380.0,3
2016,NonResidential,Warehouse,47.6644,-122.37246,1.0,41478,0,Non-Refrigerated Warehouse,3035962.25,78.22,41,10369.5,2
2016,NonResidential,Warehouse,47.66411,-122.37185,1.0,39840,0,Non-Refrigerated Warehouse,752104.0,5.24,36,19920.0,1
2016,Nonresidential COS,Other,47.66984,-122.3842,1.0,30576,15576,Library,1533245.75,38.52,12,7500.0,2
2016,NonResidential,Other,47.66894,-122.38242,1.0,21528,0,Social/Meeting Hall,306911.0938,6.61,92,7176.0,1
2016,NonResidential,Other,47.66908,-122.38627,1.0,30000,0,Strip Mall,1094940.75,13.14,88,10000.0,2
2016,NonResidential,Other,47.67482,-122.37316,1.0,30087,0,Other,5274642.0,36.77,74,10029.0,1
2016,NonResidential,Worship Facility,47.66327,-122.37439,1.0,40445,0,Worship Facility,786253.6875,29.24,41,20222.5,1
2016,NonResidential,Retail Store,47.66318,-122.37283,1.0,23500,0,Retail Store,1137967.5,13.29,20,11750.0,1
2016,NonResidential,Retail Store,47.67518,-122.36549,1.0,22420,0,Retail Store,1404253.75,31.79,49,11210.0,1
2016,NonResidential,Supermarket / Grocery Store,47.64909,-122.37788,1.0,25842,0,Supermarket/Grocery Store,8518313.0,237.54,55,12921.0,1
2016,NonResidential,Small- and Mid-Sized Office,47.65018,-122.37787,1.0,26389,0,Office,1208035.375,8.42,24,6597.25,2
2016,NonResidential,Small- and Mid-Sized Office,47.65252,-122.37587,1.0,25859,0,Office,858780.625,14.9,34,6464.75,2
2016,NonResidential,Warehouse,47.66238,-122.38831,1.0,25600,0,Non-Refrigerated Warehouse,1730600.625,34.26,42,12800.0,2
2016,NonResidential,Other,47.66126,-122.38751,1.0,23169,0,Manufacturing/Industrial Plant,222255.9063,1.55,51,11584.5,1
2016,NonResidential,Small- and Mid-Sized Office,47.66106,-122.38576,1.0,41784,8399,Office,1294615.25,9.03,8,6677.0,2
2016,NonResidential,Warehouse,47.66206,-122.38948,1.0,56884,0,Non-Refrigerated Warehouse,1388345.125,37.49,56,28442.0,1
2016,NonResidential,Retail Store,47.6917,-122.37617,1.0,32810,0,Retail Store,2017967.75,46.44,27,16405.0,1
2016,NonResidential,Self-Storage Facility,47.64455,-122.37581,1.0,30989,0,Self-Storage Facility,97690.39844,0.68,36,7747.25,1
2016,NonResidential,Self-Storage Facility,47.64418,-122.37587,1.0,39952,0,Self-Storage Facility,57133.19922,0.4,101,9988.0,1
2016,NonResidential,Small- and Mid-Sized Office,47.65504,-122.37402,1.0,20022,0,Office,657385.8125,4.58,55,6674.0,1
2016,NonResidential,Distribution Center,47.65563,-122.37194,1.0,36498,0,Distribution Center,520011.8125,14.81,56,12166.0,2
2016,NonResidential,Distribution Center,47.66161,-122.39075,1.0,35946,0,Distribution Center,469499.8125,11.08,48,17973.0,2
2016,NonResidential,Small- and Mid-Sized Office,47.66006,-122.38631,1.0,30152,5680,Office,845044.125,5.94,9,4894.4,2
2016,NonResidential,Small- and Mid-Sized Office,47.65881,-122.38382,1.0,22365,0,Office,727385.8125,5.07,37,4473.0,1
2016,NonResidential,Small- and Mid-Sized Office,47.65801,-122.3839,1.0,30172,0,Office,904059.875,6.3,22,6034.4,1
2016,NonResidential,Warehouse,47.66353,-122.38064,1.0,42500,0,Non-Refrigerated Warehouse,241478.5938,1.68,89,8500.0,2
2016,NonResidential,Small- and Mid-Sized Office,47.66691,-122.38416,1.0,23032,0,Office,1121537.75,7.82,115,4606.4,3
2016,NonResidential,Other,47.66646,-122.38263,1.0,45750,4914,Other,7240274.0,303.81,116,10209.0,2
2016,NonResidential,Small- and Mid-Sized Office,47.66497,-122.38047,1.0,23500,0,Office,1686405.0,34.52,48,7833.333333333333,1
2016,NonResidential,Small- and Mid-Sized Office,47.66431,-122.37988,1.0,22282,0,Office,579888.3125,16.67,50,11141.0,1
2016,NonResidential,Self-Storage Facility,47.66351,-122.37961,1.0,24000,0,Self-Storage Facility,502898.6875,17.39,114,8000.0,1
2016,NonResidential,Mixed Use Property,47.66852,-122.38175,1.0,27085,0,Strip Mall,1995131.75,60.67,107,6771.25,4
2016,Nonresidential COS,Other,47.70544,-122.2918,0.0,29258,0,Other - Recreation,8086943.5,309.14,20,9752.666666666666,3
2016,NonResidential,Small- and Mid-Sized Office,47.719,-122.29966,1.0,37500,0,Office,2235765.5,44.26,85,12500.0,1
2016,NonResidential,K-12 School,47.73143,-122.32784,1.0,23983,0,K-12 School,1164364.75,33.28,86,5995.75,1
2016,NonResidential,Distribution Center,47.55832,-122.35239,1.0,24100,0,Distribution Center,809870.8125,30.49,36,12050.0,2
2016,NonResidential,K-12 School,47.66665,-122.31818,3.0,31343,0,K-12 School,3846501.25,128.66,12,10447.666666666666,1
2016,NonResidential,Mixed Use Property,47.68582,-122.33709,1.0,55912,22850,Parking,2450442.75,17.08,20,8265.5,3
2016,NonResidential,Other,47.65843,-122.38435,1.0,20294,0,Other,1735995.75,67.45,59,6764.666666666667,2
2016,NonResidential,Small- and Mid-Sized Office,47.65708,-122.38383,1.0,40571,10849,Office,1286817.375,8.97,33,5944.4,1
2016,NonResidential,Small- and Mid-Sized Office,47.65649,-122.38383,1.0,41707,15659,Office,1755788.5,12.24,33,5209.6,2
2016,NonResidential,Mixed Use Property,47.65118,-122.37875,1.0,57644,0,Office,2189735.0,42.87,56,19214.666666666668,3
2016,NonResidential,Warehouse,47.64913,-122.37929,1.0,39497,0,Non-Refrigerated Warehouse,1700057.375,28.28,61,13165.666666666666,2
2016,Nonresidential COS,Other,47.6303,-122.3142,1.0,33087,0,Other - Entertainment/Public Assembly,3548858.25,121.9,84,16543.5,1
2016,NonResidential,Small- and Mid-Sized Office,47.70793,-122.33316,1.0,27574,0,Office,1211349.25,8.44,34,9191.333333333334,1
2016,NonResidential,Senior Care Community,47.71069,-122.32674,1.0,43661,0,Senior Care Community,3936421.5,82.57,18,7276.833333333333,2
2016,NonResidential,Small- and Mid-Sized Office,47.70842,-122.3332,1.0,76105,27307,Office,2472350.25,17.24,29,12199.5,1
2016,NonResidential,Mixed Use Property,47.70983,-122.31865,1.0,32009,0,Non-Refrigerated Warehouse,1998725.25,44.28,64,10669.666666666666,3
2016,NonResidential,Medical Office,47.70676,-122.32264,1.0,28841,0,Medical Office,1459199.75,33.42,28,7210.25,1
2016,NonResidential,Self-Storage Facility,47.70782,-122.31873,2.0,33344,0,Self-Storage Facility,123767.2031,0.86,39,11114.666666666666,3
2016,Nonresidential COS,Other,47.70541,-122.32232,2.0,30498,0,Other - Recreation,2436063.0,80.19,11,15249.0,1
2016,NonResidential,K-12 School,47.51698,-122.35946,1.0,42975,0,K-12 School,959352.0,42.96,92,14325.0,1
2016,NonResidential,Other,47.53366,-122.33733,1.0,23260,0,"Repair Services (Vehicle, Shoe, Locksmith, etc)",1612105.75,52.41,53,11630.0,5
2016,NonResidential,Small- and Mid-Sized Office,47.53309,-122.33977,1.0,30659,0,Office,2619088.5,55.85,28,10219.666666666666,3
2016,NonResidential,Other,47.63132,-122.34136,1.0,27144,0,Other,1012024.313,32.58,96,9048.0,1
2016,NonResidential,Other,47.70969,-122.34557,5.0,23166,0,Other,3475804.25,184.6,46,11583.0,1
2016,NonResidential,Medical Office,47.70558,-122.33486,1.0,34759,0,Medical Office,1633105.375,11.39,37,11586.333333333334,2
2016,NonResidential,Worship Facility,47.71745,-122.33221,1.0,44719,0,Worship Facility,1614026.25,53.21,51,14906.333333333334,3
2016,NonResidential,Supermarket / Grocery Store,47.57894,-122.31287,1.0,21603,0,Supermarket/Grocery Store,5833800.0,129.89,51,10801.5,1
2016,NonResidential,Distribution Center,47.53158,-122.33568,1.0,42900,0,Distribution Center,436252.5,3.04,37,21450.0,1
2016,Campus,Other,47.51885,-122.33421,5.0,57952,0,Adult Education,3091387.5,96.15,11,28976.0,1
2016,NonResidential,Other,47.52956,-122.33592,1.0,26232,0,Other - Services,3094090.0,122.71,45,13116.0,2
2016,NonResidential,Warehouse,47.59783,-122.31554,1.0,25840,0,Non-Refrigerated Warehouse,313528.0938,2.19,60,8613.333333333334,1
2016,NonResidential,Small- and Mid-Sized Office,47.59721,-122.31838,1.0,45145,0,Office,1268459.0,43.63,28,22572.5,1
2016,NonResidential,Small- and Mid-Sized Office,47.59728,-122.31587,1.0,70332,22095,Office,1981115.25,19.12,15,8039.5,2
2016,NonResidential,Supermarket / Grocery Store,47.6899,-122.37619,1.0,45522,0,Supermarket/Grocery Store,12250422.0,326.74,22,22761.0,2
2016,NonResidential,Retail Store,47.72286,-122.34612,1.0,20088,0,Retail Store,326778.6875,2.28,37,6696.0,3
2016,Campus,Other,47.57049,-122.34857,5.0,138907,0,Other,7837692.5,179.55,27,46302.333333333336,1
2016,NonResidential,Small- and Mid-Sized Office,47.56999,-122.34703,1.0,40657,0,Office,2826828.0,23.6,19,13552.333333333334,2
2016,NonResidential,Warehouse,47.57279,-122.35066,1.0,20200,0,Non-Refrigerated Warehouse,269016.6875,2.25,116,10100.0,2
2016,NonResidential,Residence Hall,47.6073,-122.32585,1.0,44086,0,Residence Hall/Dormitory,3652708.75,184.0,112,22043.0,1
2016,NonResidential,Small- and Mid-Sized Office,47.60663,-122.32526,1.0,54372,20824,Office,1403820.0,9.79,46,4193.5,2
2016,NonResidential,Small- and Mid-Sized Office,47.60819,-122.32282,1.0,21282,0,Office,1245923.75,62.23,60,5320.5,1
2016,NonResidential,Other,47.54563,-122.27616,1.0,41022,0,Other,3787648.25,26.41,95,13674.0,1
2016,NonResidential,Other,47.57058,-122.35626,1.0,28109,0,Other,3612526.75,38.39,50,9369.666666666666,1
2016,NonResidential,Small- and Mid-Sized Office,47.72986,-122.29278,1.0,33580,12990,Office,409578.4063,2.86,31,5147.5,2
2016,NonResidential,Warehouse,47.72051,-122.30103,1.0,21936,0,Non-Refrigerated Warehouse,113130.0,2.69,39,10968.0,1
2016,NonResidential,Other,47.72083,-122.29979,1.0,30160,0,Other,1045838.5,44.26,47,15080.0,1
2016,NonResidential,Mixed Use Property,47.61056,-122.33661,1.0,111137,0,Office,9546165.0,294.65,107,9261.416666666666,5
2016,NonResidential,Other,47.56319,-122.35067,1.0,40189,0,Other - Utility,1509292.0,37.65,19,20094.5,3
2016,NonResidential,Small- and Mid-Sized Office,47.56877,-122.36369,1.0,66484,0,Office,3046543.0,21.24,28,22161.333333333332,3
2016,NonResidential,Small- and Mid-Sized Office,47.60789,-122.32249,1.0,25151,0,Office,1356874.75,62.05,57,6287.75,1
2016,NonResidential,Hotel,47.60958,-122.32646,1.0,35770,0,Hotel,2640980.25,112.34,88,5110.0,1
2016,NonResidential,Hotel,47.60981,-122.32687,1.0,48006,0,Hotel,3239754.0,101.31,88,4800.6,1
2016,NonResidential,Mixed Use Property,47.59949,-122.31851,1.0,29631,0,Supermarket/Grocery Store,5144392.0,146.93,56,9877.0,3
2016,NonResidential,Small- and Mid-Sized Office,47.59727,-122.32196,1.0,23472,0,Office,1625308.625,46.45,27,7824.0,3
2016,Nonresidential COS,Small- and Mid-Sized Office,47.5956,-122.32292,1.0,21315,0,Office,2796425.0,110.66,43,7105.0,1
2016,NonResidential,Small- and Mid-Sized Office,47.62481,-122.35762,1.0,57110,15812,Office,2190460.0,24.31,32,8259.6,2
2016,NonResidential,Small- and Mid-Sized Office,47.61833,-122.35871,1.0,34030,0,Office,1748629.875,22.26,37,8507.5,1
2016,NonResidential,Restaurant,47.58654,-122.37644,1.0,20398,0,Restaurant,9313513.0,334.15,114,6799.333333333333,2
2016,NonResidential,Distribution Center,47.5746,-122.32637,1.0,41308,0,Distribution Center,1642471.5,38.57,64,20654.0,1
2016,NonResidential,Mixed Use Property,47.60195,-122.33516,1.0,43878,0,Multifamily Housing,769771.3125,5.37,103,10969.5,4
2016,NonResidential,Other,47.62591,-122.35843,1.0,34976,0,Performing Arts,873711.125,15.7,104,8744.0,1
2016,NonResidential,Warehouse,47.65674,-122.37223,1.0,38255,0,Non-Refrigerated Warehouse,985401.8125,33.8,59,19127.5,1
2016,NonResidential,Small- and Mid-Sized Office,47.65103,-122.35541,1.0,48924,0,Office,2282551.25,59.24,27,12231.0,2
2016,NonResidential,Small- and Mid-Sized Office,47.64168,-122.32562,1.0,50333,18036,Office,1602084.375,11.17,57,6459.4,1
2016,NonResidential,Small- and Mid-Sized Office,47.6404,-122.32553,1.0,57432,21906,Office,2520483.25,17.57,30,7105.2,2
2016,NonResidential,Small- and Mid-Sized Office,47.63995,-122.32557,1.0,25912,7956,Office,666740.3125,4.65,47,4489.0,2
2016,NonResidential,Small- and Mid-Sized Office,47.64113,-122.32625,1.0,57132,21908,Office,1994967.75,13.91,16,8806.0,2
2016,NonResidential,Worship Facility,47.52172,-122.35487,1.0,24224,0,Worship Facility,968026.3125,26.73,59,8074.666666666667,2
2016,NonResidential,Worship Facility,47.51989,-122.35489,1.0,23706,0,Worship Facility,400770.9063,13.12,53,11853.0,1
2016,NonResidential,Warehouse,47.5465,-122.31704,1.0,31900,0,Non-Refrigerated Warehouse,1964681.25,13.7,53,15950.0,2
2016,NonResidential,Other,47.5219,-122.38787,1.0,49066,0,Social/Meeting Hall,3835202.0,178.86,99,24533.0,1
2016,NonResidential,Worship Facility,47.52097,-122.38688,1.0,30740,0,Worship Facility,1686262.25,61.3,64,7685.0,2
2016,NonResidential,Supermarket / Grocery Store,47.52262,-122.26922,1.0,67450,0,Supermarket/Grocery Store,2842819.5,55.86,57,33725.0,1
2016,NonResidential,Warehouse,47.65649,-122.37507,1.0,46970,0,Non-Refrigerated Warehouse,882896.5,6.16,68,23485.0,1
2016,NonResidential,Warehouse,47.6331,-122.37582,1.0,47554,0,Non-Refrigerated Warehouse,1035554.688,16.04,85,23777.0,5
2016,NonResidential,Small- and Mid-Sized Office,47.63063,-122.37428,1.0,43016,5400,Office,1234095.5,60.57,37,12538.666666666666,1
2016,NonResidential,Mixed Use Property,47.63034,-122.37412,1.0,24196,0,Other,1055033.0,22.29,85,12098.0,4
2016,NonResidential,Small- and Mid-Sized Office,47.63128,-122.37387,1.0,20671,0,Office,638507.125,24.76,76,6890.333333333333,1
2016,NonResidential,Warehouse,47.58065,-122.33356,1.0,21600,0,Non-Refrigerated Warehouse,499828.5938,14.36,89,10800.0,1
2016,NonResidential,Worship Facility,47.50959,-122.37417,1.0,35844,0,Worship Facility,866126.375,6.04,39,17922.0,1
2016,NonResidential,Small- and Mid-Sized Office,47.66116,-122.34172,1.0,31774,0,Office,1639136.25,18.87,100,7943.5,3
2016,NonResidential,Warehouse,47.56121,-122.33872,1.0,26094,0,Non-Refrigerated Warehouse,709990.8125,4.95,63,13047.0,1
2016,NonResidential,Small- and Mid-Sized Office,47.56121,-122.33872,1.0,23687,0,Office,1084553.75,7.56,33,7895.666666666667,1
2016,NonResidential,Small- and Mid-Sized Office,47.56121,-122.33872,1.0,24221,0,Office,1435562.75,10.01,33,8073.666666666667,1
2016,NonResidential,Mixed Use Property,47.60546,-122.34091,1.0,71919,14083,Office,5381105.0,37.51,116,19278.666666666668,3
2016,NonResidential,Small- and Mid-Sized Office,47.60546,-122.34091,1.0,32027,0,Office,3999505.25,128.41,116,10675.666666666666,2
2016,NonResidential,Small- and Mid-Sized Office,47.6032,-122.33663,1.0,32160,0,Office,2805826.0,19.56,110,8040.0,2
2016,NonResidential,Other,47.59549,-122.32538,1.0,47836,7572,Other - Lodging/Residential,3540225.75,109.59,24,10066.0,2
2016,NonResidential,Small- and Mid-Sized Office,47.58802,-122.32111,1.0,34425,0,Office,2018385.75,50.07,102,8606.25,2
2016,NonResidential,Medical Office,47.57296,-122.38643,1.0,40304,12000,Medical Office,1961581.5,13.67,32,7076.0,2
2016,NonResidential,Distribution Center,47.52878,-122.32771,1.0,29619,0,Distribution Center,1280263.75,42.45,26,14809.5,2
2016,NonResidential,K-12 School,47.59692,-122.30601,1.0,21592,0,K-12 School,1431784.0,54.24,94,7197.333333333333,1
2016,NonResidential,K-12 School,47.69061,-122.31992,1.0,23923,0,K-12 School,805643.5,19.51,85,7974.333333333333,1
2016,NonResidential,Small- and Mid-Sized Office,47.59976,-122.31441,1.0,25200,0,Office,1748444.25,37.08,109,6300.0,2
2016,NonResidential,Small- and Mid-Sized Office,47.59693,-122.31124,1.0,28296,0,Office,1328461.25,9.26,53,9432.0,1
2016,NonResidential,Small- and Mid-Sized Office,47.61744,-122.30514,1.0,31357,0,Office,1965075.625,22.48,17,7839.25,3
2016,NonResidential,Distribution Center,47.55945,-122.33601,1.0,160000,0,Distribution Center,1157976.5,8.07,48,80000.0,1
2016,NonResidential,Warehouse,47.55601,-122.33627,1.0,53550,0,Non-Refrigerated Warehouse,4590246.5,174.62,56,26775.0,1
2016,NonResidential,Warehouse,47.55716,-122.33744,1.0,38412,0,Non-Refrigerated Warehouse,1628540.0,67.05,92,19206.0,2
2016,NonResidential,Self-Storage Facility,47.55662,-122.33728,1.0,25881,0,Self-Storage Facility,545426.375,3.8,86,12940.5,1
2016,NonResidential,Small- and Mid-Sized Office,47.55498,-122.32497,1.0,24291,0,Office,655422.375,19.61,63,12145.5,1
2016,NonResidential,Warehouse,47.55458,-122.32639,1.0,36544,0,Non-Refrigerated Warehouse,1269847.75,8.85,50,18272.0,1
2016,NonResidential,Warehouse,47.58387,-122.32092,1.0,20796,0,Non-Refrigerated Warehouse,1324092.125,51.1,67,10398.0,1
2016,NonResidential,Distribution Center,47.5822,-122.321,1.0,21349,0,Distribution Center,659761.875,17.04,69,10674.5,2
2016,NonResidential,Warehouse,47.58082,-122.32031,1.0,38630,0,Non-Refrigerated Warehouse,416885.5938,2.91,80,19315.0,1
2016,NonResidential,Warehouse,47.58032,-122.32083,1.0,20724,0,Non-Refrigerated Warehouse,1832031.5,83.3,66,10362.0,2
2016,NonResidential,Other,47.5793,-122.32226,1.0,24109,0,Manufacturing/Industrial Plant,4747403.5,33.1,56,12054.5,2
2016,NonResidential,Refrigerated Warehouse,47.58118,-122.32211,1.0,25375,0,Refrigerated Warehouse,4069301.5,28.37,61,12687.5,2
2016,Nonresidential COS,Warehouse,47.5829,-122.32417,1.0,22803,0,Non-Refrigerated Warehouse,764094.5,21.5,31,11401.5,2
2016,Nonresidential COS,Mixed Use Property,47.5829,-122.32417,1.0,23100,0,Office,4323672.0,157.07,31,11550.0,2
2016,NonResidential,Refrigerated Warehouse,47.58252,-122.32193,1.0,41550,0,Refrigerated Warehouse,642645.1875,4.48,65,20775.0,1
2016,NonResidential,Other,47.52305,-122.31899,1.0,54170,0,Other,5804784.5,178.35,22,18056.666666666668,1
2016,NonResidential,K-12 School,47.55095,-122.27978,1.0,42252,0,K-12 School,2203758.5,102.35,104,14084.0,1
2016,NonResidential,Self-Storage Facility,47.54514,-122.28596,1.0,23100,0,Self-Storage Facility,863703.0,13.87,61,11550.0,1
2016,NonResidential,Worship Facility,47.5419,-122.28302,1.0,22895,0,Worship Facility,440419.1875,12.92,35,5723.75,2
2016,NonResidential,Self-Storage Facility,47.69316,-122.30487,1.0,48179,7132,Self-Storage Facility,797170.3125,12.22,10,5863.857142857143,1
2016,NonResidential,Warehouse,47.59294,-122.32555,1.0,52325,0,Non-Refrigerated Warehouse,808968.1875,18.03,79,26162.5,1
2016,NonResidential,Other,47.59322,-122.32491,1.0,20600,0,"Repair Services (Vehicle, Shoe, Locksmith, etc)",270838.5,9.71,96,4120.0,4
2016,Campus,Other,47.59042,-122.32498,10.0,230971,0,Other,21022288.0,405.05,25,230971.0,2
2016,NonResidential,Retail Store,47.58698,-122.32397,1.0,25880,0,Retail Store,162960.0,1.14,72,12940.0,1
2016,NonResidential,Warehouse,47.58336,-122.32525,1.0,45842,0,Non-Refrigerated Warehouse,819354.625,12.55,56,22921.0,2
2016,NonResidential,Other,47.57936,-122.32322,1.0,31365,0,Other,652991.6875,5.09,44,15682.5,1
2016,NonResidential,Other,47.57959,-122.32557,1.0,32100,0,Other,758008.875,25.77,106,16050.0,1
2016,NonResidential,Warehouse,47.57895,-122.32551,1.0,20520,0,Non-Refrigerated Warehouse,1167887.75,40.85,50,10260.0,2
2016,NonResidential,Warehouse,47.57833,-122.32563,1.0,22972,0,Non-Refrigerated Warehouse,495481.0,3.45,71,11486.0,1
2016,NonResidential,Warehouse,47.57934,-122.32501,1.0,24990,0,Non-Refrigerated Warehouse,523614.0938,8.7,63,12495.0,2
2016,NonResidential,Retail Store,47.57667,-122.32542,1.0,24000,0,Retail Store,1318947.25,40.94,65,8000.0,2
2016,NonResidential,Warehouse,47.56845,-122.32732,1.0,100386,0,Non-Refrigerated Warehouse,3626431.5,95.93,53,50193.0,2
2016,NonResidential,Distribution Center,47.56758,-122.32638,1.0,24354,0,Distribution Center,735907.8125,17.29,50,12177.0,2
2016,NonResidential,Distribution Center,47.56823,-122.32506,1.0,33600,0,Distribution Center,847419.375,15.35,57,16800.0,2
2016,NonResidential,Other,47.56671,-122.32446,1.0,20819,0,Manufacturing/Industrial Plant,1694930.375,51.27,42,10409.5,1
2016,NonResidential,Warehouse,47.5668,-122.32499,1.0,23296,0,Non-Refrigerated Warehouse,1429855.75,40.01,49,11648.0,2
2016,NonResidential,Mixed Use Property,47.57019,-122.32352,1.0,35222,0,Non-Refrigerated Warehouse,1758134.625,40.42,62,17611.0,7
2016,NonResidential,Refrigerated Warehouse,47.5668,-122.32149,1.0,25520,0,Refrigerated Warehouse,1610794.75,59.0,59,12760.0,1
2016,NonResidential,Other,47.58754,-122.3224,1.0,25460,0,Other,834711.875,5.82,64,12730.0,1
2016,NonResidential,Small- and Mid-Sized Office,47.70008,-122.30321,1.0,24291,0,Office,920430.625,6.42,42,8097.0,1
2016,NonResidential,Retail Store,47.70053,-122.3038,1.0,20738,0,Retail Store,526752.8125,3.67,58,6912.666666666667,1
2016,NonResidential,Mixed Use Property,47.70175,-122.30269,1.0,30948,0,Office,919746.3125,6.41,16,6189.6,2
2016,NonResidential,Medical Office,47.7044,-122.32285,1.0,28385,7056,Medical Office,2654316.0,18.5,30,7109.666666666667,1
2016,NonResidential,Warehouse,47.57254,-122.32549,1.0,21755,0,Non-Refrigerated Warehouse,844076.8125,17.51,38,10877.5,2
2016,NonResidential,Other,47.57217,-122.32421,1.0,27933,0,Other,6129780.0,42.73,56,13966.5,1
2016,NonResidential,Small- and Mid-Sized Office,47.57013,-122.3244,1.0,23143,0,Office,1139980.625,38.87,33,11571.5,2
2016,NonResidential,Small- and Mid-Sized Office,47.57075,-122.32724,1.0,28800,0,Office,2107743.75,60.12,54,14400.0,2
2016,NonResidential,Warehouse,47.57294,-122.32811,1.0,39600,0,Non-Refrigerated Warehouse,405050.4063,2.82,64,19800.0,1
2016,NonResidential,Warehouse,47.57199,-122.32811,1.0,39600,0,Non-Refrigerated Warehouse,468396.9063,9.25,64,19800.0,1
2016,NonResidential,Distribution Center,47.57747,-122.32844,1.0,41248,0,Distribution Center,1108310.875,16.5,79,20624.0,1
2016,NonResidential,Other,47.57587,-122.32789,1.0,36400,0,Other,1567746.75,46.16,7,18200.0,2
2016,NonResidential,Other,47.56398,-122.38727,1.0,31332,0,Other,3573328.25,24.91,96,15666.0,1
2016,NonResidential,Worship Facility,47.57177,-122.38716,1.0,35864,0,Worship Facility,1228113.5,43.64,68,11954.666666666666,1
2016,NonResidential,Worship Facility,47.55464,-122.31576,1.0,20484,0,Worship Facility,822636.625,38.38,62,10242.0,1
2016,NonResidential,Medical Office,47.66169,-122.28558,1.0,45264,17622,Medical Office,1849331.25,12.89,32,5528.4,1
2016,NonResidential,Medical Office,47.66159,-122.28606,2.0,36932,14576,Medical Office,2824096.75,19.69,29,4471.2,1
2016,NonResidential,Other,47.60775,-122.31198,1.0,45082,0,Other/Specialty Hospital,4262316.5,93.5,43,9016.4,1
2016,NonResidential,Worship Facility,47.68351,-122.35482,0.0,41600,0,Worship Facility,1195165.25,30.99,65,13866.666666666666,1
2016,NonResidential,Small- and Mid-Sized Office,47.63567,-122.32522,1.0,34110,0,Office,2563985.5,17.87,56,11370.0,1
2016,NonResidential,Warehouse,47.57798,-122.32783,1.0,23750,0,Non-Refrigerated Warehouse,522972.1875,3.65,46,11875.0,2
2016,NonResidential,Warehouse,47.57832,-122.32649,1.0,43390,0,Non-Refrigerated Warehouse,533742.8125,3.72,46,21695.0,2
2016,NonResidential,Warehouse,47.58238,-122.32719,1.0,35400,0,Non-Refrigerated Warehouse,419978.6875,9.29,57,17700.0,1
2016,NonResidential,Distribution Center,47.58517,-122.32853,1.0,28144,0,Distribution Center,858701.0,8.22,50,14072.0,2
2016,NonResidential,Warehouse,47.5842,-122.32826,1.0,71283,0,Non-Refrigerated Warehouse,2491238.25,43.17,100,17820.75,2
2016,NonResidential,Warehouse,47.58661,-122.3281,1.0,23792,0,Non-Refrigerated Warehouse,2852102.75,19.88,27,11896.0,2
2016,NonResidential,Small- and Mid-Sized Office,47.58895,-122.32833,1.0,47368,0,Office,1042652.625,7.27,37,15789.333333333334,2
2016,NonResidential,Mixed Use Property,47.58874,-122.32662,1.0,46183,0,Non-Refrigerated Warehouse,1890502.5,27.92,85,23091.5,3
2016,NonResidential,Small- and Mid-Sized Office,47.60592,-122.31367,1.0,72613,22788,Office,2602213.75,41.96,32,8304.166666666666,2
2016,SPS-District K-12,K-12 School,47.56591,-122.28339,1.0,51672,0,K-12 School,1436510.375,20.3,27,12918.0,1
2016,Nonresidential COS,Medical Office,47.56364,-122.28572,1.0,38352,11082,Medical Office,2108861.75,14.7,26,9090.0,2
2016,Nonresidential COS,Mixed Use Property,47.56214,-122.28143,1.0,28425,0,Fitness Center/Health Club/Gym,2133797.75,57.25,21,14212.5,3
2016,NonResidential,Other,47.7139,-122.29794,1.0,35115,0,Automobile Dealership,1922953.25,31.94,7,8778.75,1
2016,NonResidential,Mixed Use Property,47.69734,-122.34639,1.0,66704,0,Other - Education,600516.875,19.77,44,33352.0,5
2016,Nonresidential COS,Warehouse,47.70117,-122.34284,1.0,25658,0,Non-Refrigerated Warehouse,1063960.125,18.87,47,12829.0,2
2016,NonResidential,Small- and Mid-Sized Office,47.61345,-122.3198,1.0,36000,0,Office,1046187.625,18.04,109,12000.0,2
2016,NonResidential,Mixed Use Property,47.61324,-122.31724,1.0,36000,0,Parking,1162163.125,26.52,103,18000.0,2
2016,NonResidential,Warehouse,47.61467,-122.31777,1.0,43200,0,Non-Refrigerated Warehouse,1929851.5,49.18,101,14400.0,1
2016,NonResidential,Small- and Mid-Sized Office,47.59501,-122.32852,1.0,53840,12870,Office,2912454.75,46.85,103,8194.0,2
2016,NonResidential,Retail Store,47.58801,-122.32944,1.0,43794,0,Retail Store,1164537.75,23.5,41,21897.0,2
2016,NonResidential,Warehouse,47.57466,-122.33089,1.0,48280,0,Non-Refrigerated Warehouse,2701833.75,78.57,48,24140.0,2
2016,NonResidential,Distribution Center,47.57258,-122.33059,1.0,36040,0,Distribution Center,363808.1875,7.74,62,18020.0,2
2016,NonResidential,Supermarket / Grocery Store,47.68269,-122.28912,1.0,32822,0,Supermarket/Grocery Store,8839812.0,219.93,51,16411.0,2
2016,NonResidential,Worship Facility,47.68061,-122.29002,1.0,20385,0,Worship Facility,809291.8125,34.04,66,6795.0,1
2016,NonResidential,Worship Facility,47.67984,-122.27739,1.0,24295,0,Worship Facility,216115.0,1.51,70,12147.5,1
2016,NonResidential,Small- and Mid-Sized Office,47.66888,-122.28333,1.0,20317,0,Office,620994.3125,4.33,49,6772.333333333333,1
2016,NonResidential,Supermarket / Grocery Store,47.66824,-122.28394,1.0,24377,0,Supermarket/Grocery Store,9851260.0,260.32,43,12188.5,1
2016,NonResidential,Other,47.70197,-122.34219,1.0,33392,0,Movie Theater,2786648.75,19.43,30,16696.0,1
2016,NonResidential,Supermarket / Grocery Store,47.70224,-122.34409,0.0,45155,0,Supermarket/Grocery Store,6674179.5,158.63,30,22577.5,1
2016,NonResidential,Warehouse,47.5316,-122.333,1.0,32000,0,Non-Refrigerated Warehouse,2186148.5,41.77,50,16000.0,1
2016,NonResidential,Warehouse,47.5316,-122.333,1.0,44000,0,Non-Refrigerated Warehouse,4302455.5,175.53,46,22000.0,1
2016,NonResidential,Warehouse,47.5316,-122.333,1.0,36000,0,Non-Refrigerated Warehouse,2771820.5,124.4,43,18000.0,1
2016,NonResidential,Warehouse,47.52549,-122.33064,1.0,31360,0,Non-Refrigerated Warehouse,1356972.25,43.18,37,15680.0,2
2016,NonResidential,Warehouse,47.52549,-122.33064,1.0,33320,0,Non-Refrigerated Warehouse,2339234.0,64.75,37,16660.0,2
2016,NonResidential,Warehouse,47.52549,-122.33064,1.0,48020,0,Non-Refrigerated Warehouse,2373568.25,59.14,37,24010.0,1
2016,NonResidential,Warehouse,47.52549,-122.33064,1.0,27420,0,Non-Refrigerated Warehouse,1176342.25,39.05,37,13710.0,1
2016,NonResidential,K-12 School,47.694,-122.28967,1.0,43645,0,K-12 School,2053956.375,85.15,67,14548.333333333334,1
2016,NonResidential,Retail Store,47.69066,-122.29023,1.0,26853,0,Retail Store,1399062.75,21.46,64,13426.5,1
2016,NonResidential,Other,47.59347,-122.33369,1.0,44775,0,Other,950695.625,29.88,107,8955.0,1
2016,NonResidential,Other,47.57507,-122.33349,2.0,27760,0,Other,2833624.5,112.82,100,13880.0,4
2016,NonResidential,Other,47.57459,-122.3339,1.0,20975,0,Other - Entertainment/Public Assembly,347437.6875,6.46,79,10487.5,3
2016,NonResidential,Other,47.57619,-122.3339,1.0,26075,0,Other,1608508.75,17.6,98,13037.5,1
2016,NonResidential,Warehouse,47.57881,-122.33273,1.0,29394,0,Non-Refrigerated Warehouse,1486681.75,26.27,24,14697.0,2
2016,NonResidential,Warehouse,47.57941,-122.3336,1.0,20400,0,Non-Refrigerated Warehouse,438557.0,12.17,90,6800.0,2
2016,NonResidential,Small- and Mid-Sized Office,47.57893,-122.33374,1.0,20460,0,Office,903541.875,6.3,90,10230.0,1
2016,NonResidential,Self-Storage Facility,47.58168,-122.33369,1.0,25821,0,Self-Storage Facility,209698.7031,1.46,91,8607.0,1
2016,NonResidential,Refrigerated Warehouse,47.58217,-122.33263,1.0,21870,0,Refrigerated Warehouse,1074350.375,7.49,61,7290.0,1
2016,NonResidential,Warehouse,47.58069,-122.3325,3.0,51664,0,Non-Refrigerated Warehouse,3528086.75,66.77,28,25832.0,1
2016,NonResidential,Medical Office,47.53419,-122.36624,1.0,43615,0,Medical Office,3133849.5,106.35,46,21807.5,1
2016,NonResidential,Small- and Mid-Sized Office,47.53419,-122.36624,1.0,36879,0,Office,1144267.5,7.98,46,9219.75,1
2016,Nonresidential COS,Other,47.53578,-122.36205,1.0,28531,0,Other,3494929.5,92.7,14,9510.333333333334,2
2016,NonResidential,Warehouse,47.53846,-122.36175,1.0,36600,0,Non-Refrigerated Warehouse,308400.4063,2.15,34,12200.0,1
2016,NonResidential,Mixed Use Property,47.57269,-122.37056,1.0,35176,0,Office,1011965.375,7.05,12,5862.666666666667,2
2016,NonResidential,University,47.65231,-122.34217,1.0,41293,15243,College/University,2839882.25,61.68,76,8683.333333333334,2
2016,NonResidential,Warehouse,47.55718,-122.33288,1.0,48890,0,Non-Refrigerated Warehouse,2100216.5,61.6,75,24445.0,2
2016,NonResidential,Small- and Mid-Sized Office,47.55658,-122.33322,1.0,43473,0,Office,4416909.5,30.79,16,10868.25,1
2016,NonResidential,Retail Store,47.52254,-122.36627,1.0,40265,0,Retail Store,3740373.75,35.48,26,20132.5,1
2016,NonResidential,Retail Store,47.52254,-122.36627,1.0,26208,0,Retail Store,1608884.25,37.61,11,13104.0,1
2016,Nonresidential COS,Other,47.52801,-122.36918,0.0,27227,0,Other - Recreation,8054334.0,286.89,41,9075.666666666666,6
2016,NonResidential,Mixed Use Property,47.69766,-122.37346,1.0,42172,0,Other - Education,3275779.25,152.14,90,21086.0,6
2016,NonResidential,Small- and Mid-Sized Office,47.59657,-122.33394,1.0,32250,0,Office,796042.375,11.44,106,5375.0,1
2016,NonResidential,Retail Store,47.69061,-122.35731,1.0,51000,0,Retail Store,1298039.875,14.17,63,25500.0,1
2016,NonResidential,Mixed Use Property,47.58452,-122.3337,1.0,27000,0,Other,229856.4063,1.6,100,13500.0,3
2016,NonResidential,Other,47.58787,-122.33365,1.0,20747,0,Other - Entertainment/Public Assembly,1001964.0,17.45,81,6915.666666666667,3
2016,NonResidential,Warehouse,47.58903,-122.33361,1.0,40800,0,Non-Refrigerated Warehouse,817255.875,27.83,88,13600.0,2
2016,NonResidential,Small- and Mid-Sized Office,47.59508,-122.33378,1.0,20150,0,Office,576174.125,4.02,96,6716.666666666667,1
2016,NonResidential,Small- and Mid-Sized Office,47.59639,-122.33368,1.0,36000,0,Office,1682454.875,11.73,107,4500.0,1
2016,NonResidential,Warehouse,47.59081,-122.33487,1.0,41276,0,Non-Refrigerated Warehouse,2502081.0,96.62,78,13758.666666666666,3
2016,NonResidential,Refrigerated Warehouse,47.58999,-122.33539,0.0,24430,0,Refrigerated Warehouse,1232822.875,23.62,79,8143.333333333333,2
2016,NonResidential,Small- and Mid-Sized Office,47.58686,-122.33469,1.0,22580,0,Office,928584.875,9.65,89,11290.0,1
2016,NonResidential,Warehouse,47.60192,-122.31641,1.0,20000,0,Non-Refrigerated Warehouse,743528.125,33.52,90,10000.0,1
2016,NonResidential,Warehouse,47.60224,-122.31529,1.0,42000,0,Non-Refrigerated Warehouse,2070005.625,82.07,62,21000.0,2
2016,NonResidential,Self-Storage Facility,47.61234,-122.31628,1.0,24248,0,Self-Storage Facility,111969.7031,0.79,54,12124.0,2
2016,NonResidential,Senior Care Community,47.70178,-122.32352,1.0,244500,0,Senior Care Community,11019641.0,292.8,7,34928.57142857143,1
2016,NonResidential,Warehouse,47.55608,-122.3388,1.0,24617,0,Non-Refrigerated Warehouse,106918.0,0.75,84,12308.5,1
2016,NonResidential,Other,47.55768,-122.33137,1.0,127065,84710,Parking,3245111.5,22.62,7,10588.75,2
2016,NonResidential,Retail Store,47.55772,-122.33017,1.0,37247,0,Retail Store,1748644.5,58.36,52,18623.5,1
2016,NonResidential,Retail Store,47.69274,-122.37602,1.0,25384,0,Retail Store,3027867.5,77.23,23,12692.0,1
2016,NonResidential,Small- and Mid-Sized Office,47.58462,-122.3347,0.0,49052,0,Office,1441445.625,10.05,106,12263.0,2
2016,NonResidential,Warehouse,47.58318,-122.3347,1.0,52110,0,Non-Refrigerated Warehouse,586589.1875,25.15,116,17370.0,1
2016,NonResidential,Small- and Mid-Sized Office,47.57595,-122.33624,1.0,39036,0,Office,1528295.75,39.25,79,13012.0,2
2016,NonResidential,Small- and Mid-Sized Office,47.57529,-122.33475,1.0,26310,0,Office,771512.6875,14.99,93,13155.0,3
2016,NonResidential,Retail Store,47.54723,-122.28455,1.0,37883,0,Retail Store,12434593.0,413.1,50,18941.5,2
2016,NonResidential,K-12 School,47.53887,-122.37564,1.0,29874,0,K-12 School,1274049.75,54.27,54,7468.5,1
2016,NonResidential,Worship Facility,47.64,-122.39743,1.0,20140,0,Worship Facility,992794.6875,47.08,51,10070.0,2
2016,NonResidential,Self-Storage Facility,47.70281,-122.35623,1.0,71874,31389,Self-Storage Facility,1242811.75,44.97,26,13495.0,1
2016,NonResidential,Small- and Mid-Sized Office,47.60104,-122.30155,1.0,39953,0,Office,1508561.875,28.05,45,13317.666666666666,1
2016,NonResidential,Retail Store,47.60009,-122.3017,1.0,21200,0,Retail Store,1676426.5,11.69,18,7066.666666666667,2
2016,NonResidential,Supermarket / Grocery Store,47.59881,-122.30189,1.0,30630,0,Supermarket/Grocery Store,6058494.0,42.24,36,15315.0,2
2016,NonResidential,Retail Store,47.59881,-122.30189,1.0,23421,0,Retail Store,1896626.375,13.22,36,7807.0,2
2016,SPS-District K-12,K-12 School,47.6763,-122.38051,1.0,117116,0,K-12 School,5722325.5,256.31,85,29279.0,1
2016,NonResidential,Worship Facility,47.67628,-122.38238,1.0,24120,0,Worship Facility,893053.1875,31.54,88,8040.0,1
2016,NonResidential,Worship Facility,47.6764,-122.38502,1.0,35736,0,Worship Facility,1148202.25,51.15,87,8934.0,2
2016,NonResidential,Warehouse,47.57298,-122.33644,1.0,51050,0,Non-Refrigerated Warehouse,1206165.75,27.75,75,25525.0,1
2016,NonResidential,Retail Store,47.57044,-122.33475,1.0,21900,0,Retail Store,1302192.875,42.66,62,7300.0,1
2016,NonResidential,Distribution Center,47.57227,-122.33843,1.0,16300,0,Distribution Center,150167.7969,1.6,64,8150.0,1
2016,NonResidential,Warehouse,47.57339,-122.33735,1.0,33462,0,Non-Refrigerated Warehouse,1386445.375,9.67,52,16731.0,1
2016,NonResidential,Mixed Use Property,47.57506,-122.33862,1.0,35310,0,Other,1331469.75,44.68,64,17655.0,3
2016,NonResidential,Other,47.54089,-122.32323,1.0,36140,0,Other,4653535.0,32.44,54,9035.0,1
2016,NonResidential,Other,47.59886,-122.31678,1.0,47963,21384,Other - Mall,8163413.0,298.91,25,8859.666666666666,2
2016,NonResidential,Warehouse,47.59774,-122.31936,1.0,23903,0,Non-Refrigerated Warehouse,415364.5938,14.37,86,11951.5,2
2016,NonResidential,Self-Storage Facility,47.67923,-122.31715,1.0,22522,0,Self-Storage Facility,561473.875,23.52,69,5630.5,1
2016,NonResidential,Self-Storage Facility,47.67905,-122.31697,1.0,38959,0,Self-Storage Facility,905750.375,23.84,20,7791.8,1
2016,NonResidential,Warehouse,47.5867,-122.30519,1.0,25955,0,Non-Refrigerated Warehouse,1218112.0,8.49,88,8651.666666666666,3
2016,Campus,K-12 School,47.60776,-122.32481,1.0,46100,0,K-12 School,2177064.75,78.19,93,9220.0,2
2016,NonResidential,Worship Facility,47.70901,-122.35498,1.0,21936,0,Worship Facility,608755.375,28.78,65,7312.0,1
2016,NonResidential,Other,47.7162,-122.2956,1.0,25406,0,"Personal Services (Health/Beauty, Dry Cleaning, etc)",2442220.0,41.96,56,12703.0,3
2016,NonResidential,Small- and Mid-Sized Office,47.56029,-122.2858,1.0,23250,0,Office,904236.0,6.3,49,7750.0,1
2016,NonResidential,Warehouse,47.55966,-122.33146,1.0,30000,0,Non-Refrigerated Warehouse,2794837.0,120.72,56,15000.0,2
2016,Nonresidential COS,Warehouse,47.56522,-122.32205,1.0,45036,0,Non-Refrigerated Warehouse,1791697.75,49.53,54,22518.0,6
2016,NonResidential,Mixed Use Property,47.61376,-122.33445,1.0,1074552,112124,Multifamily Housing,26416770.0,449.59,7,24060.7,3
2016,NonResidential,Small- and Mid-Sized Office,47.70868,-122.30089,1.0,23022,0,Office,1027230.875,14.64,36,4604.4,1
2016,NonResidential,Refrigerated Warehouse,47.56173,-122.32885,1.0,27263,0,Refrigerated Warehouse,2470642.0,17.22,49,13631.5,3
2016,NonResidential,Warehouse,47.56318,-122.32889,1.0,31569,0,Non-Refrigerated Warehouse,3064039.5,125.59,54,15784.5,1
2016,NonResidential,Warehouse,47.56362,-122.32876,1.0,22509,0,Non-Refrigerated Warehouse,177812.7969,1.24,60,11254.5,1
2016,NonResidential,Warehouse,47.56424,-122.32902,1.0,39984,0,Non-Refrigerated Warehouse,1073156.375,36.82,60,19992.0,2
2016,NonResidential,Worship Facility,47.62322037,-122.320017,1.0,26440,0,Worship Facility,719905.1875,27.93,110,13220.0,1
2016,NonResidential,Self-Storage Facility,47.59291,-122.31042,1.0,28800,0,Self-Storage Facility,1143826.625,29.44,60,9600.0,1
2016,NonResidential,K-12 School,47.61791,-122.28594,4.0,28500,0,K-12 School,1162561.125,28.64,7,9500.0,1
2016,NonResidential,Restaurant,47.62902,-122.33173,1.0,26519,0,Restaurant,3717064.0,97.27,38,8839.666666666666,2
2016,NonResidential,Mixed Use Property,47.62774,-122.33384,1.0,34639,15402,Restaurant,15480681.0,515.71,28,6412.333333333333,3
2016,NonResidential,Other,47.62643,-122.33946,1.0,26300,0,Other - Entertainment/Public Assembly,3537841.5,116.94,95,8766.666666666666,1
2016,NonResidential,Restaurant,47.63734,-122.33988,0.0,34072,0,Restaurant,6584966.5,226.81,54,11357.333333333334,1
2016,NonResidential,Small- and Mid-Sized Office,47.63614,-122.33982,1.0,23355,0,Office,840549.375,5.86,67,5838.75,1
2016,NonResidential,Small- and Mid-Sized Office,47.63575,-122.33895,1.0,30840,0,Office,3542708.5,101.21,51,6168.0,2
2016,NonResidential,Other,47.67642,-122.3035,1.0,20332,0,Other,392683.6875,10.99,70,10166.0,1
2016,NonResidential,Worship Facility,47.61118,-122.288,1.0,21850,0,Worship Facility,317794.4063,13.09,116,10925.0,1
2016,NonResidential,Mixed Use Property,47.66827,-122.29978,1.0,32282,6985,Multifamily Housing,1391714.25,34.62,19,5059.4,4
2016,NonResidential,Large Office,47.60449,-122.33803,1.0,307557,83064,Office,9512829.0,66.32,33,16035.214285714286,4
2016,NonResidential,Self-Storage Facility,47.64633,-122.3508,1.0,28309,0,Self-Storage Facility,430308.9063,11.85,98,9436.333333333334,1
2016,NonResidential,Hotel,47.60154,-122.3352,1.0,45500,0,Hotel,2799595.0,122.0,102,9100.0,1
2016,NonResidential,Small- and Mid-Sized Office,47.60106,-122.33458,1.0,38376,0,Office,2058532.875,14.35,116,6396.0,2
2016,NonResidential,Small- and Mid-Sized Office,47.60149,-122.33458,1.0,42804,0,Office,1544501.75,46.53,116,8560.8,2
2016,NonResidential,Mixed Use Property,47.6005,-122.33514,0.0,57600,0,Residence Hall/Dormitory,6983736.0,223.36,11,9600.0,4
2016,NonResidential,Small- and Mid-Sized Office,47.60023,-122.33459,1.0,33300,0,Office,1287497.375,18.76,116,6660.0,4
2016,NonResidential,Other,47.59976,-122.33514,1.0,22200,0,Other,188745.7031,7.05,116,5550.0,1
2016,NonResidential,Warehouse,47.64306,-122.34219,1.0,29498,0,Non-Refrigerated Warehouse,3768900.5,50.05,48,9832.666666666666,2
2016,NonResidential,Warehouse,47.64793,-122.34358,1.0,23050,0,Non-Refrigerated Warehouse,466672.6875,3.25,78,11525.0,1
2016,NonResidential,Retail Store,47.66097,-122.3192,1.0,46059,0,Retail Store,1582655.875,20.66,86,23029.5,1
2016,NonResidential,Medical Office,47.67437,-122.3181,1.0,23595,0,Medical Office,817409.625,6.53,46,7865.0,1
2016,NonResidential,Small- and Mid-Sized Office,47.59938,-122.33328,1.0,28142,0,Office,847097.8125,34.08,116,7035.5,1
2016,NonResidential,Small- and Mid-Sized Office,47.59954,-122.33327,1.0,28760,0,Office,2615973.5,124.59,116,7190.0,3
2016,NonResidential,Small- and Mid-Sized Office,47.59979,-122.33318,1.0,39030,0,Office,713326.875,13.69,114,7806.0,2
2016,NonResidential,Small- and Mid-Sized Office,47.60071,-122.33377,0.0,47215,0,Office,2092696.0,63.81,107,11803.75,2
2016,Nonresidential COS,Other,47.61492,-122.31728,1.0,61580,27000,Other,4199443.0,69.53,90,11526.666666666666,2
2016,NonResidential,Small- and Mid-Sized Office,47.61459,-122.31724,1.0,30720,0,Office,1288669.5,25.53,99,7680.0,2
2016,NonResidential,Mixed Use Property,47.61428,-122.31726,1.0,20640,0,Retail Store,412562.4063,2.88,100,6880.0,3
2016,NonResidential,Mixed Use Property,47.61421,-122.3193,1.0,34914,0,Retail Store,1333289.625,9.29,104,11638.0,3
2016,NonResidential,Small- and Mid-Sized Office,47.61508,-122.31845,1.0,20897,0,Office,964923.8125,17.79,110,5224.25,3
2016,NonResidential,Retail Store,47.61478,-122.31847,1.0,36940,0,Retail Store,336745.4063,2.35,100,12313.333333333334,1
2016,NonResidential,Small- and Mid-Sized Office,47.61435,-122.31859,1.0,22866,0,Office,1153690.125,20.76,103,5716.5,1
2016,NonResidential,Retail Store,47.61466,-122.31984,1.0,30240,0,Retail Store,1264626.875,18.19,96,15120.0,2
2016,NonResidential,Other,47.65729,-122.31937,1.0,28586,0,Other,5078204.0,35.4,54,9528.666666666666,1
2016,NonResidential,Hotel,47.59766,-122.32394,1.0,28800,0,Hotel,4644346.0,190.45,108,7200.0,2
2016,NonResidential,Small- and Mid-Sized Office,47.59644,-122.32415,1.0,35202,0,Office,3605755.5,25.14,37,8800.5,2
2016,NonResidential,Senior Care Community,47.61318,-122.32747,1.0,95117,26082,Senior Care Community,7202141.5,183.79,47,9862.142857142857,2
2016,NonResidential,Worship Facility,47.61426,-122.32661,1.0,24600,0,Worship Facility,331059.5,5.66,106,8200.0,1
2016,NonResidential,Worship Facility,47.60514,-122.32613,1.0,48850,0,Worship Facility,1063480.5,65.05,116,24425.0,3
2016,NonResidential,Hospital,47.58767,-122.38672,0.0,54863,0,Hospital (General Medical & Surgical),2037720.625,14.21,55,13715.75,1
2016,NonResidential,Warehouse,47.55317,-122.33289,1.0,25000,0,Non-Refrigerated Warehouse,1989103.875,65.89,52,12500.0,3
2016,NonResidential,Warehouse,47.55544,-122.33294,1.0,25000,0,Non-Refrigerated Warehouse,287132.5,8.61,56,12500.0,2
2016,NonResidential,Other,47.55523,-122.33448,1.0,22622,0,Manufacturing/Industrial Plant,774075.6875,26.56,89,11311.0,1
2016,NonResidential,Small- and Mid-Sized Office,47.61543,-122.32657,1.0,27544,0,Office,1031667.5,17.41,99,6886.0,2
2016,NonResidential,Small- and Mid-Sized Office,47.61161,-122.34592,1.0,47415,0,Office,1478979.25,10.31,27,5926.875,4
2016,NonResidential,Other,47.63644,-122.34218,1.0,22960,0,Other - Entertainment/Public Assembly,2266983.0,95.38,55,5740.0,1
2016,NonResidential,Supermarket / Grocery Store,47.62048,-122.31386,1.0,44739,0,Supermarket/Grocery Store,14585813.0,393.07,18,22369.5,2
2016,NonResidential,Mixed Use Property,47.66816,-122.27706,1.0,22778,0,Retail Store,2470566.0,120.86,68,11389.0,5
2016,NonResidential,Worship Facility,47.68517,-122.38733,1.0,21562,0,Worship Facility,866806.0,37.28,60,7187.333333333333,2
2016,NonResidential,Other,47.62322,-122.29006,1.0,25753,0,Other - Entertainment/Public Assembly,1378130.25,62.51,57,12876.5,1
2016,NonResidential,Mixed Use Property,47.61811,-122.33908,1.0,1206670,201857,Office,27684480.0,393.29,7,50240.65,4
2016,NonResidential,Worship Facility,47.53857,-122.28026,1.0,24200,0,Worship Facility,826488.6875,22.38,48,12100.0,2
2016,NonResidential,Residence Hall,47.63651,-122.34418,1.0,23513,2211,Residence Hall/Dormitory,1740568.25,49.79,35,4260.4,5
2016,NonResidential,Self-Storage Facility,47.56785,-122.37039,1.0,66610,0,Self-Storage Facility,640377.0,18.81,22,16652.5,1
2016,NonResidential,Other,47.56774,-122.33289,1.0,36000,0,Other,3646053.75,58.79,66,18000.0,2
2016,NonResidential,K-12 School,47.71387,-122.3535,1.0,23222,0,K-12 School,1219863.125,55.06,78,7740.666666666667,1
2016,NonResidential,Mixed Use Property,47.61426,-122.3253,1.0,24476,0,Fitness Center/Health Club/Gym,2662054.25,91.69,92,8158.666666666667,6
2016,NonResidential,Retail Store,47.61386,-122.32481,0.0,24750,0,Retail Store,782343.8125,28.07,106,8250.0,3
2016,NonResidential,K-12 School,47.61339,-122.32594,1.0,60000,0,K-12 School,3625407.5,121.63,112,15000.0,1
2016,NonResidential,Other,47.61449,-122.32592,1.0,46560,0,Other - Entertainment/Public Assembly,690557.6875,17.31,62,15520.0,1
2016,NonResidential,Other,47.63303,-122.34268,1.0,30408,0,Bank Branch,1440554.25,10.04,36,7602.0,2
2016,NonResidential,Small- and Mid-Sized Office,47.63439,-122.34078,1.0,30109,0,Office,1465795.75,34.03,96,7527.25,2
2016,NonResidential,Small- and Mid-Sized Office,47.63985,-122.36712,1.0,25481,0,Office,917100.3125,38.59,56,8493.666666666666,1
2016,NonResidential,Small- and Mid-Sized Office,47.62298,-122.33082,1.0,27788,0,Office,2119806.25,35.99,104,9262.666666666666,2
2016,NonResidential,Hotel,47.729,-122.34473,1.0,41704,8584,Hotel,1943899.25,58.52,26,6624.0,1
2016,NonResidential,Warehouse,47.56683,-122.33358,1.0,22324,0,Non-Refrigerated Warehouse,588856.125,22.33,75,7441.333333333333,1
2016,NonResidential,Other,47.5661,-122.33358,1.0,31360,0,Other - Entertainment/Public Assembly,1725108.25,39.65,70,10453.333333333334,1
2016,NonResidential,Mixed Use Property,47.56555,-122.33362,1.0,30496,0,Retail Store,1992158.25,46.01,69,15248.0,3
2016,NonResidential,Small- and Mid-Sized Office,47.61545,-122.3238,1.0,27600,0,Office,1072151.375,12.57,94,6900.0,2
2016,NonResidential,Senior Care Community,47.66312,-122.35311,1.0,55974,0,Senior Care Community,6135173.0,203.21,55,18658.0,1
2016,NonResidential,Senior Care Community,47.70883,-122.28887,1.0,22583,0,Senior Care Community,1981360.0,70.92,62,11291.5,1
2016,NonResidential,Small- and Mid-Sized Office,47.66117,-122.3391,0.0,31686,7358,Office,2305643.5,16.07,19,6082.0,4
2016,NonResidential,Small- and Mid-Sized Office,47.6483,-122.33438,1.0,26694,6034,Office,720170.6875,5.02,35,5165.0,2
2016,NonResidential,Warehouse,47.70833,-122.34429,1.0,29400,0,Non-Refrigerated Warehouse,227509.5,1.59,44,14700.0,1
2016,NonResidential,Hotel,47.54774,-122.32091,1.0,22452,0,Hotel,1244150.0,41.88,24,5613.0,1
2016,NonResidential,Other,47.66148,-122.31279,1.0,25767,0,Bank Branch,1581352.75,11.02,104,8589.0,1
2016,NonResidential,Retail Store,47.66188,-122.31279,1.0,33910,0,Retail Store,1822834.25,38.21,63,6782.0,2
2016,NonResidential,Worship Facility,47.6645,-122.31224,1.0,78401,0,Worship Facility,2462408.25,87.41,89,26133.666666666668,4
2016,NonResidential,Warehouse,47.64748,-122.33435,1.0,78716,0,Non-Refrigerated Warehouse,4103800.75,48.13,37,26238.666666666668,4
2016,NonResidential,K-12 School,47.66389,-122.33692,1.0,33300,0,K-12 School,1594733.625,69.2,106,11100.0,1
2016,NonResidential,Supermarket / Grocery Store,47.66185,-122.33594,1.0,28808,0,Supermarket/Grocery Store,9232576.0,226.73,59,14404.0,1
2016,NonResidential,Small- and Mid-Sized Office,47.66345,-122.3134,1.0,27966,7004,Office,1100499.75,7.67,59,10481.0,2
2016,NonResidential,Supermarket / Grocery Store,47.66429,-122.31389,1.0,26226,0,Supermarket/Grocery Store,7588060.5,156.18,66,13113.0,2
2016,NonResidential,Mixed Use Property,47.6616,-122.31393,1.0,34948,15755,Bank Branch,1159807.125,8.09,40,6397.666666666667,2
2016,NonResidential,Small- and Mid-Sized Office,47.6342,-122.32661,1.0,37639,9999,Office,6197824.5,43.21,18,6910.0,2
2016,NonResidential,Other,47.60135,-122.33327,1.0,21420,0,Museum,810636.875,9.72,116,10710.0,5
2016,NonResidential,Small- and Mid-Sized Office,47.6011,-122.33197,1.0,20880,0,Office,683274.0,4.76,116,10440.0,1
2016,NonResidential,Mixed Use Property,47.59938,-122.33197,1.0,26000,0,Office,1063035.875,18.62,50,6500.0,2
2016,NonResidential,Small- and Mid-Sized Office,47.59954,-122.33201,1.0,38675,0,Office,1938776.75,43.91,116,9668.75,2
2016,Nonresidential COS,Small- and Mid-Sized Office,47.59986,-122.33195,1.0,49951,0,Office,5134446.0,185.33,87,9990.2,2
2016,NonResidential,Medical Office,47.5195,-122.26935,1.0,25880,0,Medical Office,1941728.75,19.81,6,8626.666666666666,1
2016,NonResidential,Worship Facility,47.66517,-122.31037,1.0,41013,0,Worship Facility,1080821.0,37.43,89,10253.25,2
2016,NonResidential,Other,47.66453,-122.30999,1.0,21075,0,Social/Meeting Hall,1581036.75,53.88,12,7025.0,2
2016,NonResidential,Worship Facility,47.67842,-122.31949,1.0,46485,0,Worship Facility,1544995.75,47.03,66,11621.25,1
2016,NonResidential,Small- and Mid-Sized Office,47.67819,-122.3231,1.0,56896,0,Office,1402048.5,28.46,51,11379.2,2
2016,NonResidential,Worship Facility,47.67783,-122.32577,1.0,27500,0,Worship Facility,577123.125,14.79,38,9166.666666666666,1
2016,NonResidential,Small- and Mid-Sized Office,47.59856,-122.33248,1.0,36630,0,Office,541943.3125,3.78,86,12210.0,2
2016,NonResidential,Small- and Mid-Sized Office,47.59954,-122.33115,0.0,26830,0,Office,2099386.75,60.93,116,6707.5,2
2016,NonResidential,Small- and Mid-Sized Office,47.59971,-122.33065,1.0,41920,0,Office,1103594.75,7.69,110,6986.666666666667,1
2016,NonResidential,Small- and Mid-Sized Office,47.60048,-122.33157,1.0,36879,0,Office,1537570.25,26.94,111,6146.5,1
2016,NonResidential,Other,47.60055,-122.33057,1.0,29820,0,Other - Lodging/Residential,1601955.625,35.72,112,4260.0,1
2016,NonResidential,Small- and Mid-Sized Office,47.60026,-122.3299,0.0,33640,0,Office,1078535.75,7.52,111,11213.333333333334,1
2016,NonResidential,Warehouse,47.59986,-122.32987,1.0,43484,0,Non-Refrigerated Warehouse,1567040.75,10.92,110,8696.8,3
2016,NonResidential,Mixed Use Property,47.599,-122.32717,1.0,22480,0,Office,981009.125,6.84,116,5620.0,3
2016,NonResidential,Hotel,47.5985,-122.32677,1.0,33018,0,Hotel,4857581.5,173.67,91,6603.6,2
2016,NonResidential,Small- and Mid-Sized Office,47.5962,-122.32548,1.0,26510,0,Office,987063.6875,11.18,46,8836.666666666666,1
2016,NonResidential,Warehouse,47.65429,-122.32618,1.0,40028,0,Non-Refrigerated Warehouse,942415.1875,6.76,78,20014.0,3
2016,NonResidential,Small- and Mid-Sized Office,47.65373,-122.32721,1.0,44510,18228,Office,2188051.25,15.25,9,6570.5,2
2016,NonResidential,Worship Facility,47.71705,-122.28577,1.0,21624,0,Worship Facility,666687.5,20.96,62,10812.0,1
2016,NonResidential,Small- and Mid-Sized Office,47.59819,-122.32599,0.0,21600,0,Office,1539176.625,32.42,23,5400.0,2
2016,NonResidential,Mixed Use Property,47.59769,-122.32537,1.0,20620,0,Multifamily Housing,747456.875,20.78,107,5155.0,3
2016,NonResidential,Hotel,47.59983,-122.32598,1.0,40552,0,Hotel,1200180.875,53.25,106,6758.666666666667,1
2016,NonResidential,Small- and Mid-Sized Office,47.60105,-122.32542,1.0,31432,0,Office,1439572.375,10.04,107,7858.0,3
2016,NonResidential,Retail Store,47.59935,-122.32468,1.0,24550,0,Retail Store,977230.3125,6.73,99,8183.333333333333,2
2016,NonResidential,Other,47.60285,-122.31458,1.0,25864,0,Social/Meeting Hall,1028277.313,34.61,108,6466.0,2
2016,NonResidential,Other,47.66192,-122.30998,1.0,20686,0,Other - Lodging/Residential,1207504.0,42.71,92,5171.5,1
2016,NonResidential,Residence Hall,47.6617,-122.31007,1.0,22124,0,Residence Hall/Dormitory,637685.0,4.45,87,5531.0,1
2016,NonResidential,Residence Hall,47.66289,-122.30863,1.0,27487,0,Residence Hall/Dormitory,1594504.875,65.95,90,6871.75,1
2016,NonResidential,Residence Hall,47.66164,-122.30874,1.0,23616,0,Residence Hall/Dormitory,1656420.25,53.65,90,4723.2,1
2016,NonResidential,Residence Hall,47.66238,-122.30801,1.0,33448,0,Residence Hall/Dormitory,998633.5,6.96,40,8362.0,1
2016,Nonresidential COS,Mixed Use Property,47.60153,-122.31986,0.0,29508,7120,Other - Recreation,2217620.0,81.24,11,7462.666666666667,6
2016,NonResidential,Senior Care Community,47.60133,-122.31088,1.0,74840,0,Senior Care Community,8268496.5,249.46,29,24946.666666666668,1
2016,Nonresidential COS,Other,47.60133,-122.31088,1.0,20992,0,Performing Arts,2473302.0,104.74,103,5248.0,3
2016,NonResidential,K-12 School,47.6032,-122.30596,1.0,22344,0,K-12 School,1522596.75,55.23,91,7448.0,1
2016,NonResidential,University,47.62531,-122.32303,1.0,31900,0,College/University,2466100.0,96.2,95,7975.0,1
2016,Nonresidential COS,Other,47.68475,-122.38257,1.0,29417,0,Other - Recreation,1631479.125,56.25,66,9805.666666666666,4
2016,NonResidential,Mixed Use Property,47.59737,-122.32487,1.0,49299,0,Office,4729846.5,9.23,107,12324.75,3
2016,NonResidential,Supermarket / Grocery Store,47.58217,-122.38479,1.0,31841,0,Supermarket/Grocery Store,13140574.0,404.21,19,15920.5,2
2016,NonResidential,Mixed Use Property,47.627,-122.29153,1.0,21036,0,Parking,2735811.5,78.36,28,7012.0,5
2016,NonResidential,Mixed Use Property,47.66272,-122.31798,1.0,32928,0,Parking,5652231.0,39.4,17,10976.0,4
2016,NonResidential,Warehouse,47.54761,-122.32759,1.0,44476,0,Non-Refrigerated Warehouse,1368120.5,29.7,56,22238.0,1
2016,NonResidential,Small- and Mid-Sized Office,47.54494,-122.32543,1.0,35017,0,Office,1295485.25,27.06,47,17508.5,3
2016,NonResidential,Residence Hall,47.66281,-122.30819,1.0,29084,0,Residence Hall/Dormitory,1632498.625,60.83,66,7271.0,1
2016,NonResidential,Worship Facility,47.58671,-122.30201,1.0,22952,0,Worship Facility,470666.6875,19.28,53,7650.666666666667,2
2016,NonResidential,Warehouse,47.54443,-122.32688,1.0,21040,0,Non-Refrigerated Warehouse,592088.125,19.14,40,10520.0,1
2016,NonResidential,Warehouse,47.54491,-122.32758,1.0,28032,0,Non-Refrigerated Warehouse,1321065.0,46.61,65,9344.0,1
2016,NonResidential,Distribution Center,47.54333,-122.32792,1.0,25620,0,Distribution Center,550324.1875,20.46,42,12810.0,1
2016,NonResidential,Warehouse,47.59775,-122.32219,1.0,33238,0,Non-Refrigerated Warehouse,1632472.0,11.38,24,8309.5,1
2016,NonResidential,K-12 School,47.60745,-122.32542,1.0,27800,0,K-12 School,1181428.75,38.36,104,5560.0,1
2016,NonResidential,Large Office,47.60331,-122.33389,1.0,706176,0,Office,13270687.0,92.52,16,100882.28571428571,3
2016,NonResidential,Supermarket / Grocery Store,47.54427,-122.38609,1.0,33706,0,Supermarket/Grocery Store,8687690.0,206.33,18,16853.0,1
2016,NonResidential,Mixed Use Property,47.65532,-122.37133,1.0,37600,0,Non-Refrigerated Warehouse,2171751.5,93.55,55,12533.333333333334,3
2016,SPS-District K-12,K-12 School,47.70597,-122.36113,1.0,42128,0,K-12 School,1709307.5,49.55,62,21064.0,1
2016,NonResidential,Other,47.61314,-122.32262,1.0,33708,0,Other,786324.0,19.61,104,8427.0,1
2016,NonResidential,Other,47.73368,-122.31366,1.0,47237,0,Other,5981430.0,41.7,68,15745.666666666666,1
2016,NonResidential,Supermarket / Grocery Store,47.68217,-122.31675,1.0,76585,38585,Supermarket/Grocery Store,13906080.0,364.27,19,19000.0,2
2016,NonResidential,Worship Facility,47.66295,-122.31494,1.0,26373,0,Worship Facility,964236.0,38.18,78,6593.25,1
2016,NonResidential,Small- and Mid-Sized Office,47.60207,-122.28481,6.0,75868,0,Office,3605749.75,25.14,60,25289.333333333332,4
2016,NonResidential,Mixed Use Property,47.62164,-122.31238,1.0,21656,0,Other - Entertainment/Public Assembly,1607972.25,51.89,69,7218.666666666667,5
2016,Nonresidential COS,Distribution Center,47.63319,-122.36294,1.0,23040,0,Distribution Center,421430.0,2.94,95,5760.0,1
2016,NonResidential,Other,47.63286,-122.36141,1.0,36771,0,Other,5447076.5,37.97,60,12257.0,1
2016,NonResidential,Warehouse,47.53104,-122.32784,1.0,24024,0,Non-Refrigerated Warehouse,375773.5938,2.62,39,12012.0,2
2016,NonResidential,Warehouse,47.53326,-122.32579,1.0,42420,0,Non-Refrigerated Warehouse,965425.1875,29.39,63,21210.0,3
2016,NonResidential,Distribution Center,47.53379,-122.33063,1.0,36982,0,Distribution Center,374753.8125,6.88,37,18491.0,2
2016,NonResidential,Warehouse,47.53651,-122.32954,1.0,23400,0,Non-Refrigerated Warehouse,439266.9063,3.06,52,7800.0,3
2016,NonResidential,Other,47.62518,-122.35317,1.0,30720,0,Other,1683064.25,67.15,68,10240.0,3
2016,NonResidential,Warehouse,47.56626,-122.3244,1.0,23232,0,Non-Refrigerated Warehouse,127374.0,0.89,44,11616.0,1
2016,NonResidential,Warehouse,47.56501,-122.3248,1.0,35046,0,Non-Refrigerated Warehouse,1063269.125,17.65,42,17523.0,1
2016,NonResidential,Refrigerated Warehouse,47.56477,-122.32628,1.0,25577,0,Refrigerated Warehouse,895784.6875,14.19,55,12788.5,3
2016,NonResidential,Warehouse,47.56448,-122.32484,1.0,43380,0,Non-Refrigerated Warehouse,405062.0,2.82,42,21690.0,1
2016,NonResidential,Small- and Mid-Sized Office,47.65576,-122.34208,1.0,20410,0,Office,2720238.25,77.84,21,5102.5,1
2016,NonResidential,Small- and Mid-Sized Office,47.70349,-122.33424,1.0,24696,6300,Office,624125.625,4.35,33,4599.0,2
2016,NonResidential,Worship Facility,47.71479,-122.32824,1.0,24955,0,Worship Facility,689803.0,21.87,14,12477.5,1
2016,NonResidential,Other,47.62342,-122.29688,1.0,34074,0,Other/Specialty Hospital,8521989.0,286.33,25,8518.5,1
2016,NonResidential,Hotel,47.60505,-122.3361,0.0,392552,22225,Hotel,17457560.0,423.57,10,33666.09090909091,2
2016,NonResidential,Worship Facility,47.71856,-122.32084,1.0,76475,0,Worship Facility,1765813.625,67.33,55,25491.666666666668,2
2016,NonResidential,K-12 School,47.71923,-122.32171,1.0,32961,0,K-12 School,1573155.0,62.94,28,10987.0,1
2016,Nonresidential COS,Other,47.6875,-122.35496,1.0,27376,14570,Library,1082920.125,26.67,12,6403.0,2
2016,Campus,K-12 School,47.62291,-122.28879,1.0,109794,0,K-12 School,3296526.25,115.34,66,54897.0,1
2016,NonResidential,Other,47.61796,-122.30847,1.0,25200,0,Other - Lodging/Residential,1242666.25,53.02,105,6300.0,1
2016,NonResidential,Supermarket / Grocery Store,47.70941,-122.31707,1.0,44755,0,Supermarket/Grocery Store,11521140.0,338.58,20,22377.5,1
2016,NonResidential,Other,47.61340332,-122.3203506,1.0,22320,0,"Repair Services (Vehicle, Shoe, Locksmith, etc)",209644.9063,4.8,109,7440.0,4
2016,NonResidential,Mixed Use Property,47.6139,-122.32034,1.0,24000,0,Office,932083.5,9.09,104,6000.0,3
2016,NonResidential,Small- and Mid-Sized Office,47.61393,-122.31589,1.0,23422,0,Office,2701872.0,128.07,96,5855.5,1
2016,NonResidential,Other,47.61674,-122.31111,5.0,38879,11328,Urgent Care/Clinic/Other Outpatient,3371659.75,28.79,41,9183.666666666666,1
2016,NonResidential,Mixed Use Property,47.61554,-122.31098,1.0,53034,14625,Multifamily Housing,3392129.0,83.65,18,6401.5,3
2016,NonResidential,Warehouse,47.61481,-122.31536,1.0,23040,0,Non-Refrigerated Warehouse,79711.79688,0.87,96,7680.0,1
2016,NonResidential,Warehouse,47.61469,-122.31596,1.0,61880,0,Non-Refrigerated Warehouse,595936.5,4.15,58,20626.666666666668,1
2016,NonResidential,Small- and Mid-Sized Office,47.61556,-122.32048,1.0,27938,0,Office,1027394.313,7.31,91,9312.666666666666,2
2016,NonResidential,Other,47.66386,-122.31715,1.0,21600,0,Other - Services,1623657.0,11.32,92,7200.0,2
2016,Nonresidential COS,Other,47.66506,-122.31656,1.0,27908,0,Other,2028125.625,63.22,87,6977.0,1
2016,Campus,K-12 School,47.62291,-122.28879,1.0,30562,0,K-12 School,1622231.375,55.73,16,10187.333333333334,1
2016,NonResidential,Retail Store,47.59951,-122.32033,1.0,54969,0,Retail Store,3724098.25,39.31,16,13742.25,1
2016,NonResidential,K-12 School,47.61395,-122.31253,1.0,36825,0,K-12 School,1755072.75,51.14,65,12275.0,4
2016,NonResidential,Small- and Mid-Sized Office,47.61546,-122.31195,1.0,25834,0,Office,2076289.625,54.02,58,6458.5,1
2016,NonResidential,Worship Facility,47.63193,-122.32126,1.0,37700,0,Worship Facility,3481727.5,150.23,87,18850.0,1
2016,NonResidential,Mixed Use Property,47.61608,-122.30967,1.0,97229,0,Multifamily Housing,1021754.688,7.12,12,13889.857142857143,3
2016,NonResidential,Small- and Mid-Sized Office,47.69898,-122.34162,1.0,25111,0,Office,954352.6875,24.97,34,6277.75,3
2016,NonResidential,Worship Facility,47.64725,-122.39977,1.0,31805,0,Worship Facility,1641667.0,68.39,63,10601.666666666666,1
2016,NonResidential,K-12 School,47.64725,-122.39977,1.0,20811,0,K-12 School,1267348.5,43.97,63,10405.5,1
2016,Nonresidential COS,Warehouse,47.59393,-122.32211,1.0,22058,0,Non-Refrigerated Warehouse,1987334.75,66.43,49,7352.666666666667,2
2016,NonResidential,Refrigerated Warehouse,47.56268,-122.32364,1.0,22890,0,Refrigerated Warehouse,10005787.0,119.76,46,11445.0,2
2016,NonResidential,Other,47.56166,-122.3237,1.0,36000,0,Other,1111293.75,43.04,109,6000.0,1
2016,NonResidential,Distribution Center,47.5616,-122.32603,1.0,28320,0,Distribution Center,4236396.5,67.96,45,14160.0,2
2016,NonResidential,Worship Facility,47.67816,-122.28998,1.0,29079,0,Worship Facility,861643.6875,22.18,61,14539.5,1
2016,NonResidential,Small- and Mid-Sized Office,47.63441,-122.28061,1.0,28848,9616,Office,726917.5,5.07,34,4808.0,2
2016,NonResidential,Small- and Mid-Sized Office,47.65564,-122.36191,1.0,20535,0,Office,1835804.0,38.71,28,6845.0,2
2016,NonResidential,Laboratory,47.65223,-122.36147,1.0,43025,0,Laboratory,9393108.0,255.97,31,14341.666666666666,2
2016,NonResidential,Warehouse,47.54769,-122.3251,1.0,30800,0,Non-Refrigerated Warehouse,485971.0,3.39,51,15400.0,1
2016,NonResidential,Mixed Use Property,47.59901628,-122.3315077,1.0,22168,0,Multifamily Housing,1784385.25,49.44,116,5542.0,2
2016,NonResidential,Warehouse,47.59416,-122.3267,1.0,37400,0,Non-Refrigerated Warehouse,924192.6875,7.8,94,18700.0,3
2016,NonResidential,Large Office,47.59666,-122.32768,1.0,268130,0,Office,15026352.0,106.86,16,22344.166666666668,1
2016,NonResidential,Small- and Mid-Sized Office,47.59706,-122.32813,1.0,68452,0,Office,3782378.25,26.37,16,5704.333333333333,2
2016,NonResidential,Large Office,47.59634,-122.32807,1.0,273185,0,Office,14709151.0,102.54,16,22765.416666666668,1
2016,NonResidential,K-12 School,47.66368,-122.27324,1.0,97500,0,K-12 School,3736960.0,156.45,92,24375.0,1
2016,NonResidential,Small- and Mid-Sized Office,47.62495,-122.36036,1.0,54015,0,Office,3020001.5,21.05,34,9002.5,1
2016,NonResidential,Restaurant,47.60805,-122.33978,1.0,42000,0,Other - Restaurant/Bar,7798464.0,273.91,31,3000.0,4
2016,NonResidential,Large Office,47.61706,-122.35141,0.0,119701,0,Office,8382140.5,58.44,34,4788.04,2
2016,Nonresidential COS,Other,47.71986,-122.29809,1.0,24697,0,Library,1295685.75,29.18,51,12348.5,2
2016,NonResidential,University,47.59677,-122.30172,2.0,57468,0,College/University,3543985.5,89.8,3,28734.0,1
2016,NonResidential,University,47.61808,-122.32175,1.0,84000,0,College/University,12184124.0,441.94,10,14000.0,1
2016,NonResidential,Retail Store,47.6087,-122.33884,1.0,103000,0,Retail Store,5214621.5,81.18,25,25750.0,1
2016,NonResidential,Supermarket / Grocery Store,47.56137,-122.38524,1.0,37864,0,Supermarket/Grocery Store,8025696.0,176.75,8,18932.0,1
2016,NonResidential,Supermarket / Grocery Store,47.62256,-122.32092,1.0,66497,0,Supermarket/Grocery Store,9290214.0,72.02,66,22165.666666666668,1
2016,NonResidential,Retail Store,47.62473,-122.34727,1.0,34010,0,Retail Store,3560614.25,24.82,10,6802.0,1
2016,NonResidential,Supermarket / Grocery Store,47.62473,-122.34727,1.0,45980,0,Supermarket/Grocery Store,8305255.0,193.36,10,9196.0,1
2016,NonResidential,Retail Store,47.61378771,-122.3214255,0.0,45743,0,Retail Store,5313217.0,83.45,20,11435.75,1
2016,NonResidential,Other,47.61674,-122.30207,1.0,45000,0,Fitness Center/Health Club/Gym,3505497.0,137.66,25,22500.0,2
2016,NonResidential,Other,47.59544,-122.33159,1.0,333698,0,Parking,13730204.0,295.42,17,47671.142857142855,2
2016,NonResidential,Warehouse,47.55066,-122.31787,1.0,72859,0,Non-Refrigerated Warehouse,1498457.875,12.43,112,14571.8,1
2016,NonResidential,Mixed Use Property,47.5823,-122.32937,1.0,21947,0,Other,1554599.25,37.83,12,5486.75,3
2016,NonResidential,Warehouse,47.68454,-122.26235,1.0,384772,0,Non-Refrigerated Warehouse,15206762.0,391.7,76,384772.0,2
2016,NonResidential,Medical Office,47.6824,-122.26223,1.0,30287,0,Medical Office,2193115.0,32.72,56,30287.0,1
2016,NonResidential,Small- and Mid-Sized Office,47.68254,-122.26299,1.0,21931,0,Office,3947209.25,145.11,56,21931.0,1
2016,NonResidential,Small- and Mid-Sized Office,47.60148,-122.33379,1.0,73102,0,Office,4307238.5,30.03,31,10443.142857142857,2
2016,NonResidential,Mixed Use Property,47.62256,-122.32092,1.0,140823,59401,Parking,2762846.0,28.85,100,27140.666666666668,7
2016,Nonresidential COS,Mixed Use Property,47.57918,-122.32075,5.0,87458,0,Office,8475238.0,270.63,50,43729.0,4
2016,NonResidential,Supermarket / Grocery Store,47.71864,-122.312,1.0,51400,0,Supermarket/Grocery Store,11702959.0,303.69,5,25700.0,2
2016,NonResidential,Small- and Mid-Sized Office,47.64779,-122.33352,1.0,26263,0,Office,1634669.375,11.4,23,13131.5,1
2016,Nonresidential COS,Other,47.60668,-122.30242,0.0,21400,0,Other - Recreation,5170809.5,158.6,48,10700.0,3
2016,NonResidential,Supermarket / Grocery Store,47.6239,-122.35756,1.0,33997,0,Supermarket/Grocery Store,8926736.0,94.63,13,6799.4,2
2016,NonResidential,Large Office,47.62037,-122.33627,1.0,526423,0,Office,17463744.0,163.19,4,43868.583333333336,3
2016,NonResidential,Mixed Use Property,47.60121,-122.33518,1.0,74211,0,Office,1357119.875,9.46,114,10601.57142857143,3
2016,NonResidential,Warehouse,47.51098,-122.27817,1.0,45700,0,Non-Refrigerated Warehouse,1544193.75,15.5,28,15233.333333333334,1
2016,NonResidential,Large Office,47.58995,-122.33472,1.0,157345,0,Office,11624548.0,92.07,4,22477.85714285714,1
2016,NonResidential,Residence Hall,47.65642,-122.31475,1.0,136758,0,Residence Hall/Dormitory,6275367.5,175.46,4,22793.0,1
2016,NonResidential,Residence Hall,47.65599,-122.31385,1.0,192259,0,Residence Hall/Dormitory,8767617.0,191.97,4,24032.375,2
2016,Nonresidential COS,Other,47.53246,-122.33304,2.0,137138,0,Other - Utility,5475367.0,38.17,4,45712.666666666664,1
2016,NonResidential,Retail Store,47.62503,-122.35642,1.0,43832,0,Retail Store,3886545.0,144.41,98,10958.0,3
2016,NonResidential,Other,47.5596,-122.38459,1.0,146363,0,Strip Mall,11730555.0,325.94,29,20909.0,1
2016,NonResidential,Supermarket / Grocery Store,47.57984,-122.38577,1.0,67263,0,Supermarket/Grocery Store,14697487.0,352.77,5,33631.5,1
2016,NonResidential,Large Office,47.61156,-122.34401,1.0,354086,149326,Office,13458948.0,147.84,28,14625.714285714286,5
2016,NonResidential,Worship Facility,47.6709,-122.27054,1.0,70292,0,Worship Facility,1933811.625,57.59,8,23430.666666666668,1
2016,NonResidential,K-12 School,47.61386,-122.32647,1.0,35780,0,K-12 School,2912264.0,51.59,2,11926.666666666666,1
2016,NonResidential,Large Office,47.63449,-122.37661,1.0,105061,28217,Office,1363191.625,9.5,3,19211.0,2
2016,NonResidential,Small- and Mid-Sized Office,47.59666,-122.31253,1.0,62662,14989,Office,2502131.0,20.1,3,11918.25,1
2016,NonResidential,Hotel,47.66629,-122.3826,1.0,62381,22948,Hotel,3497215.5,24.38,3,7886.6,3
2016,NonResidential,Senior Care Community,47.61885,-122.30341,1.0,79805,0,Senior Care Community,7531325.0,184.81,3,11400.714285714286,2
2016,NonResidential,K-12 School,47.73143,-122.32784,1.0,48925,0,K-12 School,1662054.125,22.76,2,16308.333333333334,1
2016,Nonresidential COS,Other,47.62082,-122.35251,0.0,29000,0,Other,2429214.0,54.98,54,14500.0,1
2016,NonResidential,Large Office,47.58872,-122.33475,1.0,333714,146687,Office,4581493.0,42.2,2,23378.375,2
2016,NonResidential,Other,47.5843,-122.32229,1.0,56988,0,Automobile Dealership,544172.375,16.13,2,18996.0,2
2016,Campus,University,47.54193,-122.32404,4.0,149856,0,College/University,6335315.5,107.29,9,49952.0,1
2016,NonResidential,Other,47.51377011,-122.3432804,1.0,44162,0,Pre-school/Daycare,1546484.875,38.13,6,14720.666666666666,2
2016,Nonresidential COS,Other,47.52472,-122.27074,1.0,53775,0,Other - Recreation,12095818.0,457.51,3,26887.5,7
2016,NonResidential,Small- and Mid-Sized Office,47.61438,-122.32174,0.0,64820,0,Office,2274296.75,29.4,104,21606.666666666668,3
2016,NonResidential,University,47.61699,-122.32083,1.0,99765,0,College/University,3185005.25,74.3,23,33255.0,1
2016,NonResidential,Senior Care Community,47.60898,-122.34213,1.0,197395,156000,Senior Care Community,2737534.5,58.28,27,10348.75,6
2016,NonResidential,Supermarket / Grocery Store,47.67034,-122.3873,1.0,41198,0,Supermarket/Grocery Store,7768057.5,82.58,6,4577.555555555556,1
2016,Nonresidential COS,Other,47.59523,-122.32334,1.0,20993,0,"Repair Services (Vehicle, Shoe, Locksmith, etc)",923812.8125,10.8,2,10496.5,4
2016,NonResidential,Other,47.5626,-122.29396,1.0,40265,0,Pre-school/Daycare,2159170.25,51.39,7,40265.0,1
2016,NonResidential,University,47.65395,-122.30584,1.0,58779,0,College/University,5000717.0,25.93,47,11755.8,1
2016,NonResidential,Residence Hall,47.65718,-122.31632,1.0,176225,0,Residence Hall/Dormitory,4926695.0,103.65,5,176225.0,2
2016,NonResidential,University,47.65356,-122.30613,1.0,203030,0,College/University,51168308.0,199.48,18,29004.285714285714,1
2016,NonResidential,Residence Hall,47.65577,-122.3153,1.0,166991,0,Residence Hall/Dormitory,15965859.0,437.2,63,166991.0,1
2016,NonResidential,Residence Hall,47.65447,-122.31733,1.0,89392,0,Residence Hall/Dormitory,6960904.5,48.53,46,89392.0,1
2016,NonResidential,Residence Hall,47.65176,-122.30756,1.0,97040,0,Residence Hall/Dormitory,3894142.5,62.41,5,97040.0,1
2016,NonResidential,Large Office,47.62384,-122.33941,1.0,427181,0,Office,16371039.0,213.7,2,61025.857142857145,2
2016,NonResidential,Self-Storage Facility,47.57054,-122.29139,1.0,101580,14004,Self-Storage Facility,940844.6875,9.91,2,17515.2,1
2016,NonResidential,Other,47.66414,-122.31664,1.0,33648,0,Parking,1399581.625,9.76,2,8412.0,2
2016,NonResidential,Small- and Mid-Sized Office,47.61371,-122.31774,1.0,37873,0,Office,2346692.5,65.01,1,6312.166666666667,5
2016,NonResidential,Large Office,47.62906,-122.34259,1.0,513816,0,Office,18760766.0,214.19,1,46710.545454545456,3
2016,NonResidential,Hotel,47.61665,-122.33261,1.0,144614,0,Hotel,5525072.5,50.32,1,9640.933333333332,1
2016,NonResidential,Large Office,47.62146,-122.33976,1.0,480702,163260,Office,12720069.0,147.14,2,24418.615384615383,2
2016,NonResidential,Mixed Use Property,47.66144,-122.38723,1.0,25532,0,Office,627854.125,4.38,2,8510.666666666666,5
2016,NonResidential,Other,47.58542,-122.32185,1.0,108036,0,Parking,4991893.5,91.98,1,36012.0,2
2016,NonResidential,Large Office,47.62263,-122.33976,1.0,483397,166208,Office,13998638.0,202.12,1,24399.153846153848,2
2016,Nonresidential COS,Large Office,47.62251,-122.3339,1.0,536697,197659,Office,13239050.0,245.16,2,24217.0,3
2016,NonResidential,Hotel,47.65476,-122.34732,1.0,126823,41539,Hotel,6042399.5,131.02,2,17056.8,3
2016,NonResidential,Warehouse,47.54425,-122.31776,1.0,52085,4222,Non-Refrigerated Warehouse,3605855.5,157.7,61,23931.5,1
2016,NonResidential,Small- and Mid-Sized Office,47.53161,-122.29944,1.0,24990,0,Office,4420650.5,134.8,87,8330.0,1
2016,NonResidential,Other,47.68109,-122.2618,1.0,72000,0,Other - Recreation,2925780.0,67.65,3,36000.0,1
2016,NonResidential,K-12 School,47.58831,-122.3065,1.0,45000,0,K-12 School,1325972.75,9.24,1,11250.0,2
2016,Nonresidential WA,University,47.66127,-122.31256,1.0,68072,0,College/University,3180819.25,22.17,54,34036.0,1
2016,Nonresidential COS,Mixed Use Property,47.70541,-122.32232,1.0,20616,0,Other - Recreation,636965.5,4.44,11,10308.0,5
2016,Nonresidential COS,Other,47.59905,-122.29787,1.0,11685,0,Prison/Incarceration,851053.8125,29.18,3,5842.5,1
2016,Nonresidential COS,Other,47.6933,-122.37717,1.0,11968,0,Prison/Incarceration,783423.0,23.0,6,5984.0,1
2016,Nonresidential COS,Other,47.72126,-122.29735,1.0,11285,0,Prison/Incarceration,645665.375,14.37,67,5642.5,1
2016,Nonresidential COS,Other,47.67295,-122.39228,1.0,16795,0,Other - Recreation,936616.5,24.73,105,8397.5,5
2016,Nonresidential COS,Other,47.67734,-122.37624,1.0,12769,0,Other - Recreation,5117308.5,216.18,44,6384.5,4
2016,Nonresidential COS,Other,47.63228,-122.31574,1.0,23445,0,Other - Recreation,5976246.0,259.22,104,11722.5,1
2016,Nonresidential COS,Mixed Use Property,47.60775,-122.30225,1.0,20050,0,Other - Recreation,1813404.0,60.81,22,10025.0,4
2016,Nonresidential COS,Other,47.54067,-122.37441,1.0,18261,0,Other - Recreation,932082.125,20.33,34,9130.5,1
2016,Nonresidential COS,Other,47.59625,-122.32283,1.0,16000,0,Other - Recreation,950276.1875,32.17,12,8000.0,1
2016,Nonresidential COS,Other,47.63644,-122.35784,1.0,13157,0,Other - Recreation,5765898.0,223.54,42,6578.5,3
2016,Nonresidential COS,Mixed Use Property,47.52832,-122.32431,1.0,14101,0,Other - Recreation,719471.1875,22.11,27,7050.5,5
2016,Nonresidential COS,Mixed Use Property,47.53939,-122.29536,1.0,18258,0,Other - Recreation,1152896.25,41.27,78,9129.0,5
